{
    "accuracy": 0.7669753086419753,
    "precision": 0.7803009049918208,
    "recall": 0.7669753086419753,
    "f1": 0.7654096421548926,
    "class_metrics": {
        "0": {
            "precision": 0.8041666329215027,
            "recall": 0.6832055624990041,
            "f1": 0.7341914246362571
        },
        "1": {
            "precision": 0.7399889653712095,
            "recall": 0.8485010145449849,
            "f1": 0.7872860660504775
        }
    }
}