{
    "accuracy": 0.7897376543209877,
    "precision": 0.8044890579249037,
    "recall": 0.7897376543209877,
    "f1": 0.7872202860614733,
    "class_metrics": {
        "0": {
            "precision": 0.7642850002499126,
            "recall": 0.8732971241379277,
            "f1": 0.8105349624211846
        },
        "1": {
            "precision": 0.8375978236323065,
            "recall": 0.7050000501992912,
            "f1": 0.7596731586632787
        }
    }
}