{
    "accuracy": 0.7878086419753086,
    "precision": 0.7921063755103926,
    "recall": 0.7878086419753086,
    "f1": 0.7879075350848364,
    "class_metrics": {
        "0": {
            "precision": 0.8043695618068378,
            "recall": 0.7733016320270133,
            "f1": 0.7868553919366831
        },
        "1": {
            "precision": 0.7720673332034812,
            "recall": 0.8061513207433512,
            "f1": 0.7869124953808915
        }
    }
}