{
    "accuracy": 0.6853780864197531,
    "precision": 0.6925697195676226,
    "recall": 0.6853780864197531,
    "f1": 0.6839666703731605,
    "class_metrics": {
        "0": {
            "precision": 0.6555659382391528,
            "recall": 0.7335579790955046,
            "f1": 0.6897733520134663
        },
        "1": {
            "precision": 0.7129309280922183,
            "recall": 0.6293435542552207,
            "f1": 0.6657425300557773
        }
    }
}