{
    "seed": 0,
    "dataset_type": "lm",
    "alpha": 0.2,
    "beta": 0.2,
    "caption_rate": 0.025,
    "num_epoch": 50,
    "remarks": "text enhancement",
    "results": {
        "accuracy": 0.7389380530973452,
        "f1": 0.7362059073733358,
        "one_name": "low",
        "one_precision": 0.7461139896373057,
        "one_recall": 0.676056338028169,
        "one_f1": 0.7093596059113301,
        "zero_name": "medium",
        "zero_precision": 0.7335907335907336,
        "zero_recall": 0.7949790794979079,
        "zero_f1": 0.7630522088353414
    },
    "k": 2
}