{
    "seed": 2,
    "dataset_type": "lm",
    "alpha": 0.2,
    "beta": 0.2,
    "caption_rate": 0.025,
    "num_epoch": 50,
    "remarks": "text enhancement",
    "results": {
        "accuracy": 0.7054431429622152,
        "f1": 0.7051856648185899,
        "one_name": "low",
        "one_precision": 0.6939251552273871,
        "one_recall": 0.7345132743362832,
        "one_f1": 0.713610670570534,
        "zero_name": "medium",
        "zero_precision": 0.7184779387901963,
        "zero_recall": 0.6763923199599737,
        "zero_f1": 0.6967606590666457
    },
    "k": "average"
}