{
    "seed": 2,
    "dataset_type": "lm",
    "alpha": 0.2,
    "beta": 0.2,
    "caption_rate": 0.025,
    "num_epoch": 50,
    "remarks": "text enhancement",
    "results": {
        "accuracy": 0.6710816777041942,
        "f1": 0.6666897113651515,
        "one_name": "low",
        "one_precision": 0.711864406779661,
        "one_recall": 0.5625,
        "one_f1": 0.628428927680798,
        "zero_name": "medium",
        "zero_precision": 0.644927536231884,
        "zero_recall": 0.777292576419214,
        "zero_f1": 0.7049504950495049
    },
    "k": 5
}