{
    "seed": 2,
    "dataset_type": "lm",
    "alpha": 0.2,
    "beta": 0.2,
    "caption_rate": 0.025,
    "num_epoch": 50,
    "remarks": "text enhancement",
    "results": {
        "accuracy": 0.7743362831858407,
        "f1": 0.7739778409648005,
        "one_name": "low",
        "one_precision": 0.8383838383838383,
        "one_recall": 0.7033898305084746,
        "one_f1": 0.7649769585253456,
        "zero_name": "medium",
        "zero_precision": 0.7244094488188977,
        "zero_recall": 0.8518518518518519,
        "zero_f1": 0.7829787234042553
    },
    "k": 3
}