{
    "seed": 2,
    "dataset_type": "lm",
    "alpha": 0.2,
    "beta": 0.2,
    "caption_rate": 0.025,
    "num_epoch": 50,
    "remarks": "text enhancement",
    "results": {
        "accuracy": 0.7566371681415929,
        "f1": 0.7552523283517436,
        "one_name": "low",
        "one_precision": 0.7286821705426356,
        "one_recall": 0.8245614035087719,
        "one_f1": 0.7736625514403292,
        "zero_name": "medium",
        "zero_precision": 0.7938144329896907,
        "zero_recall": 0.6875,
        "zero_f1": 0.7368421052631579
    },
    "k": 4
}