{
    "seed": 2,
    "dataset_type": "lm",
    "alpha": 0.2,
    "beta": 0.2,
    "caption_rate": 0.025,
    "num_epoch": 50,
    "remarks": "text enhancement",
    "results": {
        "accuracy": 0.748898678414097,
        "f1": 0.748820686040417,
        "one_name": "low",
        "one_precision": 0.71900826446281,
        "one_recall": 0.7909090909090909,
        "one_f1": 0.7532467532467533,
        "zero_name": "medium",
        "zero_precision": 0.7830188679245284,
        "zero_recall": 0.7094017094017094,
        "zero_f1": 0.7443946188340808
    },
    "k": 10
}