{
    "seed": 2,
    "dataset_type": "lm",
    "alpha": 0.2,
    "beta": 0.2,
    "caption_rate": 0.025,
    "num_epoch": 50,
    "remarks": "text enhancement",
    "results": {
        "accuracy": 0.7035398230088495,
        "f1": 0.7034875751463763,
        "one_name": "low",
        "one_precision": 0.675,
        "one_recall": 0.7431192660550459,
        "one_f1": 0.7074235807860262,
        "zero_name": "medium",
        "zero_precision": 0.7358490566037735,
        "zero_recall": 0.6666666666666666,
        "zero_f1": 0.6995515695067265
    },
    "k": 7
}