{
    "seed": 0,
    "dataset_type": "lm",
    "alpha": 0.2,
    "beta": 0.2,
    "caption_rate": 0.025,
    "num_epoch": 50,
    "remarks": "text enhancement",
    "results": {
        "accuracy": 0.7367256637168141,
        "f1": 0.7367140654445777,
        "one_name": "low",
        "one_precision": 0.7706422018348624,
        "one_recall": 0.7088607594936709,
        "one_f1": 0.7384615384615385,
        "zero_name": "medium",
        "zero_precision": 0.7051282051282052,
        "zero_recall": 0.7674418604651163,
        "zero_f1": 0.734966592427617
    },
    "k": 1
}