{
    "seed": 2,
    "dataset_type": "lm",
    "alpha": 0.2,
    "beta": 0.2,
    "caption_rate": 0.025,
    "num_epoch": 50,
    "remarks": "text enhancement",
    "results": {
        "accuracy": 0.7249243001426088,
        "f1": 0.7236465290383041,
        "one_name": "low",
        "one_precision": 0.7525377801700843,
        "one_recall": 0.6680722261779631,
        "one_f1": 0.7069807550803857,
        "zero_name": "medium",
        "zero_precision": 0.7037476733195765,
        "zero_recall": 0.7821172278027623,
        "zero_f1": 0.7403123029962224
    },
    "k": "average"
}