{
    "seed": 0,
    "dataset_type": "lm",
    "alpha": 0.2,
    "beta": 0.2,
    "caption_rate": 0.025,
    "num_epoch": 50,
    "remarks": "text enhancement",
    "results": {
        "accuracy": 0.745575221238938,
        "f1": 0.742794230436181,
        "one_name": "low",
        "one_precision": 0.7631578947368421,
        "one_recall": 0.6744186046511628,
        "one_f1": 0.7160493827160493,
        "zero_name": "medium",
        "zero_precision": 0.732824427480916,
        "zero_recall": 0.810126582278481,
        "zero_f1": 0.7695390781563126
    },
    "k": 4
}