{
    "seed": 0,
    "dataset_type": "lm",
    "alpha": 0.2,
    "beta": 0.2,
    "caption_rate": 0.09,
    "num_epoch": 50,
    "remarks": "text enhancement",
    "results": {
        "accuracy": 0.8185840707964602,
        "f1": 0.8182281858129317,
        "one_name": "low",
        "one_precision": 0.7990867579908676,
        "one_recall": 0.8215962441314554,
        "one_f1": 0.8101851851851852,
        "zero_name": "medium",
        "zero_precision": 0.8369098712446352,
        "zero_recall": 0.8158995815899581,
        "zero_f1": 0.826271186440678
    },
    "k": 2
}