{
    "seed": 0,
    "dataset_type": "lm",
    "alpha": 0.2,
    "beta": 0.2,
    "caption_rate": 0.09,
    "num_epoch": 50,
    "remarks": "text enhancement",
    "results": {
        "accuracy": 0.8080564183711344,
        "f1": 0.8074999092462066,
        "one_name": "low",
        "one_precision": 0.7912908852176298,
        "one_recall": 0.8370468344189032,
        "one_f1": 0.812940918535688,
        "zero_name": "medium",
        "zero_precision": 0.8283031103917778,
        "zero_recall": 0.7788691952422765,
        "zero_f1": 0.8020588999567254
    },
    "k": "average"
}