{
    "seed": 0,
    "dataset_type": "lm",
    "alpha": 0.2,
    "beta": 0.2,
    "caption_rate": 0.025,
    "num_epoch": 50,
    "remarks": "text enhancement",
    "results": {
        "accuracy": 0.7588495575221239,
        "f1": 0.7587539111657355,
        "one_name": "low",
        "one_precision": 0.7952380952380952,
        "one_recall": 0.7167381974248928,
        "one_f1": 0.7539503386004515,
        "zero_name": "medium",
        "zero_precision": 0.7272727272727273,
        "zero_recall": 0.8036529680365296,
        "zero_f1": 0.7635574837310195
    },
    "k": 3
}