{
    "seed": 10,
    "dataset_type": "four_dawn",
    "alpha": 0.2,
    "beta": 0.2,
    "caption_rate": 0.09,
    "num_epoch": 50,
    "remarks": "no FSR",
    "results": {
        "accuracy": 0.7902439024390244,
        "f1": 0.7984082525455765,
        "class_names": [
            "accident",
            "dense traffic",
            "fire",
            "sparse traffic"
        ],
        "class_precision": [
            0.7254901960784313,
            0.7045454545454546,
            0.8055555555555556,
            0.9473684210526315
        ],
        "class_recall": [
            0.6166666666666667,
            0.8611111111111112,
            0.8285714285714286,
            0.9230769230769231
        ],
        "class_f1": [
            0.6666666666666666,
            0.775,
            0.8169014084507042,
            0.935064935064935
        ]
    },
    "k": 2
}