{
    "seed": 10,
    "dataset_type": "four_dawn",
    "alpha": 0.2,
    "beta": 0.2,
    "caption_rate": 0.09,
    "num_epoch": 50,
    "remarks": "no FSR",
    "results": {
        "accuracy": 0.8,
        "f1": 0.8092993282500992,
        "class_names": [
            "accident",
            "dense traffic",
            "fire",
            "sparse traffic"
        ],
        "class_precision": [
            0.6984126984126984,
            0.7333333333333333,
            0.8545454545454545,
            0.9523809523809523
        ],
        "class_recall": [
            0.7333333333333333,
            0.7333333333333333,
            0.7966101694915254,
            0.975609756097561
        ],
        "class_f1": [
            0.7154471544715447,
            0.7333333333333333,
            0.8245614035087719,
            0.963855421686747
        ]
    },
    "k": 4
}