{
    "seed": 10,
    "dataset_type": "four_dawn",
    "alpha": 0.2,
    "beta": 0.2,
    "caption_rate": 0.09,
    "num_epoch": 50,
    "remarks": "no FSR",
    "results": {
        "accuracy": 0.7874396135265701,
        "f1": 0.7870691649317604,
        "class_names": [
            "accident",
            "dense traffic",
            "fire",
            "sparse traffic"
        ],
        "class_precision": [
            0.734375,
            0.7352941176470589,
            0.8115942028985508,
            0.875
        ],
        "class_recall": [
            0.7014925373134329,
            0.6097560975609756,
            0.9032258064516129,
            0.9459459459459459
        ],
        "class_f1": [
            0.7175572519083969,
            0.6666666666666666,
            0.8549618320610687,
            0.9090909090909091
        ]
    },
    "k": 5
}