{
    "seed": 10,
    "dataset_type": "four_dawn",
    "alpha": 0.2,
    "beta": 0.2,
    "caption_rate": 0.09,
    "num_epoch": 50,
    "remarks": "no FSR",
    "results": {
        "accuracy": 0.8048780487804879,
        "f1": 0.8058129101772945,
        "class_names": [
            "accident",
            "dense traffic",
            "fire",
            "sparse traffic"
        ],
        "class_precision": [
            0.676923076923077,
            0.6666666666666666,
            0.9642857142857143,
            0.9285714285714286
        ],
        "class_recall": [
            0.8,
            0.6829268292682927,
            0.782608695652174,
            0.975
        ],
        "class_f1": [
            0.7333333333333333,
            0.6746987951807228,
            0.864,
            0.9512195121951219
        ]
    },
    "k": 1
}