{
    "seed": 10,
    "dataset_type": "four_dawn",
    "alpha": 0.2,
    "beta": 0.2,
    "caption_rate": 0.09,
    "num_epoch": 50,
    "remarks": "no FSR",
    "results": {
        "accuracy": 0.7853658536585366,
        "f1": 0.7857858016320072,
        "class_names": [
            "accident",
            "dense traffic",
            "fire",
            "sparse traffic"
        ],
        "class_precision": [
            0.7441860465116279,
            0.6739130434782609,
            0.7605633802816901,
            0.9777777777777777
        ],
        "class_recall": [
            0.5517241379310345,
            0.8378378378378378,
            0.8571428571428571,
            0.9361702127659575
        ],
        "class_f1": [
            0.6336633663366337,
            0.7469879518072289,
            0.8059701492537313,
            0.9565217391304348
        ]
    },
    "k": 3
}