{
    "seed": 10,
    "dataset_type": "four_dawn",
    "alpha": 0.2,
    "beta": 0.2,
    "caption_rate": 0.09,
    "num_epoch": 50,
    "remarks": "no FSR",
    "results": {
        "accuracy": 0.7935854836809237,
        "f1": 0.7972750915073477,
        "class_names": [
            "Fog",
            "Rain",
            "Sand",
            "Snow"
        ],
        "class_precision": [
            4.950315128775886,
            4.477086113513263,
            6.994378930435144,
            6.441748355999155
        ],
        "class_recall": [
            5.3574236965642,
            4.877739690910423,
            5.7792740001682885,
            6.74727335514829
        ],
        "class_f1": [
            4.977052998993219,
            4.588490960022642,
            6.2799897648248395,
            6.316926304300965
        ]
    },
    "k": "average"
}