{
    "accuracy": 0.6927951388888889,
    "precision": 0.7403407124456584,
    "recall": 0.6927951388888889,
    "f1": 0.6927956037537455,
    "class_metrics": {
        "0": {
            "precision": 0.5098049595332204,
            "recall": 0.743568657219973,
            "f1": 0.6021867612293144
        },
        "1": {
            "precision": 0.6726190476190477,
            "recall": 0.4208333333333333,
            "f1": 0.5098039215686274
        },
        "2": {
            "precision": 0.8409755206430398,
            "recall": 0.6822552447552448,
            "f1": 0.7423957179771133
        },
        "3": {
            "precision": 0.8427350427350427,
            "recall": 0.9222222222222223,
            "f1": 0.8744873547505126
        }
    }
}