{
    "seed": 4,
    "dataset_type": "four_dawn",
    "alpha": 0.2,
    "beta": 0.2,
    "caption_rate": 0.09,
    "num_epoch": 50,
    "remarks": "no FSR",
    "results": {
        "accuracy": 0.7733990147783252,
        "f1": 0.7807865236366841,
        "class_names": [
            "accident",
            "dense traffic",
            "fire",
            "sparse traffic"
        ],
        "class_precision": [
            0.7083333333333334,
            0.6190476190476191,
            0.9019607843137255,
            0.926829268292683
        ],
        "class_recall": [
            0.6181818181818182,
            0.78,
            0.8363636363636363,
            0.8837209302325582
        ],
        "class_f1": [
            0.6601941747572816,
            0.6902654867256637,
            0.8679245283018868,
            0.9047619047619048
        ]
    },
    "k": 3
}