{
    "seed": 4,
    "dataset_type": "four_dawn",
    "alpha": 0.2,
    "beta": 0.2,
    "caption_rate": 0.1,
    "num_epoch": 50,
    "remarks": "no FSR",
    "results": {
        "accuracy": 0.8005467185106634,
        "f1": 0.804028879334164,
        "class_names": [
            "Fog",
            "Rain",
            "Sand",
            "Snow"
        ],
        "class_precision": [
            6.917204968730187,
            5.793078694308781,
            8.25208971181274,
            7.54966101159831
        ],
        "class_recall": [
            5.8524074107319946,
            6.370480109109894,
            7.625945527655466,
            8.94573705720913
        ],
        "class_f1": [
            6.214356514681565,
            5.910031084252345,
            7.867803697198821,
            7.973308546448862
        ]
    },
    "k": "average"
}