{
    "seed": 4,
    "dataset_type": "four_dawn",
    "alpha": 0.2,
    "beta": 0.2,
    "caption_rate": 0.09,
    "num_epoch": 50,
    "remarks": "no FSR",
    "results": {
        "accuracy": 0.8390243902439024,
        "f1": 0.8392735223520972,
        "class_names": [
            "accident",
            "dense traffic",
            "fire",
            "sparse traffic"
        ],
        "class_precision": [
            0.72,
            0.7884615384615384,
            0.9259259259259259,
            0.9183673469387755
        ],
        "class_recall": [
            0.7659574468085106,
            0.8541666666666666,
            0.78125,
            0.9782608695652174
        ],
        "class_f1": [
            0.7422680412371134,
            0.82,
            0.847457627118644,
            0.9473684210526315
        ]
    },
    "k": 1
}