{
    "seed": 4,
    "dataset_type": "four_dawn",
    "alpha": 0.2,
    "beta": 0.2,
    "caption_rate": 0.08,
    "num_epoch": 50,
    "remarks": "no FSR",
    "results": {
        "accuracy": 0.8585365853658536,
        "f1": 0.8528297390808736,
        "class_names": [
            "accident",
            "dense traffic",
            "fire",
            "sparse traffic"
        ],
        "class_precision": [
            0.8,
            0.696969696969697,
            0.9298245614035088,
            0.9777777777777777
        ],
        "class_recall": [
            0.8235294117647058,
            0.7931034482758621,
            0.8548387096774194,
            0.9565217391304348
        ],
        "class_f1": [
            0.8115942028985508,
            0.7419354838709677,
            0.8907563025210085,
            0.967032967032967
        ]
    },
    "k": 2
}