{
    "seed": 4,
    "dataset_type": "four_dawn",
    "alpha": 0.2,
    "beta": 0.2,
    "caption_rate": 0.09,
    "num_epoch": 50,
    "remarks": "no FSR",
    "results": {
        "accuracy": 0.7902439024390244,
        "f1": 0.8011998353175065,
        "class_names": [
            "accident",
            "dense traffic",
            "fire",
            "sparse traffic"
        ],
        "class_precision": [
            0.7592592592592593,
            0.5645161290322581,
            0.9818181818181818,
            0.9411764705882353
        ],
        "class_recall": [
            0.6721311475409836,
            0.8536585365853658,
            0.782608695652174,
            0.9411764705882353
        ],
        "class_f1": [
            0.7130434782608696,
            0.6796116504854369,
            0.8709677419354839,
            0.9411764705882353
        ]
    },
    "k": 4
}