{
    "seed": 4,
    "dataset_type": "four_dawn",
    "alpha": 0.2,
    "beta": 0.2,
    "caption_rate": 0.1,
    "num_epoch": 50,
    "remarks": "no FSR",
    "results": {
        "accuracy": 0.7951219512195122,
        "f1": 0.8040722969299939,
        "class_names": [
            "accident",
            "dense traffic",
            "fire",
            "sparse traffic"
        ],
        "class_precision": [
            0.6842105263157895,
            0.6938775510204082,
            0.90625,
            0.9142857142857143
        ],
        "class_recall": [
            0.639344262295082,
            0.8292682926829268,
            0.8405797101449275,
            0.9411764705882353
        ],
        "class_f1": [
            0.6610169491525424,
            0.7555555555555555,
            0.8721804511278195,
            0.927536231884058
        ]
    },
    "k": 4
}