{
    "seed": 4,
    "dataset_type": "four_dawn",
    "alpha": 0.2,
    "beta": 0.2,
    "caption_rate": 0.08,
    "num_epoch": 50,
    "remarks": "no FSR",
    "results": {
        "accuracy": 0.824390243902439,
        "f1": 0.8150700332116261,
        "class_names": [
            "accident",
            "dense traffic",
            "fire",
            "sparse traffic"
        ],
        "class_precision": [
            0.828125,
            0.6388888888888888,
            0.9411764705882353,
            0.8333333333333334
        ],
        "class_recall": [
            0.7794117647058824,
            0.7931034482758621,
            0.7741935483870968,
            0.9782608695652174
        ],
        "class_f1": [
            0.803030303030303,
            0.7076923076923077,
            0.8495575221238938,
            0.9
        ]
    },
    "k": 2
}