{
    "seed": 4,
    "dataset_type": "four_dawn",
    "alpha": 0.2,
    "beta": 0.2,
    "caption_rate": 0.09,
    "num_epoch": 50,
    "remarks": "no FSR",
    "results": {
        "accuracy": 0.7684729064039408,
        "f1": 0.7624981124564149,
        "class_names": [
            "accident",
            "dense traffic",
            "fire",
            "sparse traffic"
        ],
        "class_precision": [
            0.6166666666666667,
            0.78125,
            0.8333333333333334,
            0.8717948717948718
        ],
        "class_recall": [
            0.7708333333333334,
            0.5208333333333334,
            0.8571428571428571,
            0.918918918918919
        ],
        "class_f1": [
            0.6851851851851852,
            0.625,
            0.8450704225352113,
            0.8947368421052632
        ]
    },
    "k": 4
}