{
    "seed": 4,
    "dataset_type": "four_dawn",
    "alpha": 0.2,
    "beta": 0.2,
    "caption_rate": 0.09,
    "num_epoch": 50,
    "remarks": "no FSR",
    "results": {
        "accuracy": 0.7917285259809119,
        "f1": 0.7928669432367497,
        "class_names": [
            "Fog",
            "Rain",
            "Sand",
            "Snow"
        ],
        "class_precision": [
            6.482734448606529,
            5.448291787417254,
            8.374990908255748,
            7.428368006764842
        ],
        "class_recall": [
            6.217247725127722,
            6.346433002683616,
            6.890191845009683,
            8.559226109048272
        ],
        "class_f1": [
            6.288236172534807,
            5.769627026895424,
            7.492269248427012,
            7.800682284208586
        ]
    },
    "k": "average"
}