{
    "seed": 4,
    "dataset_type": "four_dawn",
    "alpha": 0.2,
    "beta": 0.2,
    "caption_rate": 0.09,
    "num_epoch": 50,
    "remarks": "no FSR",
    "results": {
        "accuracy": 0.7902439024390244,
        "f1": 0.7948225595860026,
        "class_names": [
            "accident",
            "dense traffic",
            "fire",
            "sparse traffic"
        ],
        "class_precision": [
            0.7301587301587301,
            0.6744186046511628,
            0.8245614035087719,
            0.9523809523809523
        ],
        "class_recall": [
            0.71875,
            0.6744186046511628,
            0.8545454545454545,
            0.9302325581395349
        ],
        "class_f1": [
            0.7244094488188977,
            0.6744186046511628,
            0.8392857142857143,
            0.9411764705882353
        ]
    },
    "k": 3
}