{
    "seed": 4,
    "dataset_type": "four_dawn",
    "alpha": 0.2,
    "beta": 0.2,
    "caption_rate": 0.09,
    "num_epoch": 50,
    "remarks": "no FSR",
    "results": {
        "accuracy": 0.8155339805825242,
        "f1": 0.817435346837482,
        "class_names": [
            "accident",
            "dense traffic",
            "fire",
            "sparse traffic"
        ],
        "class_precision": [
            0.7571428571428571,
            0.6774193548387096,
            0.8695652173913043,
            0.9444444444444444
        ],
        "class_recall": [
            0.7361111111111112,
            0.7,
            0.8571428571428571,
            1.0
        ],
        "class_f1": [
            0.7464788732394366,
            0.6885245901639344,
            0.8633093525179856,
            0.9714285714285714
        ]
    },
    "k": 5
}