{
    "seed": 4,
    "dataset_type": "four_dawn",
    "alpha": 0.2,
    "beta": 0.2,
    "caption_rate": 0.09,
    "num_epoch": 50,
    "remarks": "no FSR",
    "results": {
        "accuracy": 0.7926634463628103,
        "f1": 0.7908550149988536,
        "class_names": [
            "Fog",
            "Rain",
            "Sand",
            "Snow"
        ],
        "class_precision": [
            6.967997330196113,
            6.087937861993323,
            9.495499384437533,
            7.4318496150947215
        ],
        "class_recall": [
            7.7501471612678525,
            4.836583333333334,
            8.59278721278721,
            8.825949339509533
        ],
        "class_f1": [
            7.031285536449458,
            5.146122324117413,
            8.960017632875967,
            7.785757035492351
        ]
    },
    "k": "average"
}