{
    "seed": 4,
    "dataset_type": "four_dawn",
    "alpha": 0.2,
    "beta": 0.2,
    "caption_rate": 0.09,
    "num_epoch": 50,
    "remarks": "no FSR",
    "results": {
        "accuracy": 0.7658536585365854,
        "f1": 0.7629054175523197,
        "class_names": [
            "accident",
            "dense traffic",
            "fire",
            "sparse traffic"
        ],
        "class_precision": [
            0.6956521739130435,
            0.6666666666666666,
            0.8490566037735849,
            0.851063829787234
        ],
        "class_recall": [
            0.75,
            0.5581395348837209,
            0.8181818181818182,
            0.9302325581395349
        ],
        "class_f1": [
            0.7218045112781954,
            0.6075949367088608,
            0.8333333333333334,
            0.8888888888888888
        ]
    },
    "k": 3
}