{
    "seed": 4,
    "dataset_type": "four_dawn",
    "alpha": 0.2,
    "beta": 0.2,
    "caption_rate": 0.08,
    "num_epoch": 50,
    "remarks": "no FSR",
    "results": {
        "accuracy": 0.7391304347826086,
        "f1": 0.7458859077501984,
        "class_names": [
            "accident",
            "dense traffic",
            "fire",
            "sparse traffic"
        ],
        "class_precision": [
            0.6307692307692307,
            0.7297297297297297,
            0.8620689655172413,
            0.7446808510638298
        ],
        "class_recall": [
            0.6833333333333333,
            0.6923076923076923,
            0.684931506849315,
            1.0
        ],
        "class_f1": [
            0.656,
            0.7105263157894737,
            0.7633587786259542,
            0.8536585365853658
        ]
    },
    "k": 5
}