{
    "seed": 4,
    "dataset_type": "four_dawn",
    "alpha": 0.2,
    "beta": 0.2,
    "caption_rate": 0.1,
    "num_epoch": 50,
    "remarks": "no FSR",
    "results": {
        "accuracy": 0.8024508071167669,
        "f1": 0.8022642943889945,
        "class_names": [
            "Fog",
            "Rain",
            "Sand",
            "Snow"
        ],
        "class_precision": [
            6.246458184470353,
            5.295038013659219,
            7.167808497184117,
            7.313752343240904
        ],
        "class_recall": [
            5.472893644377877,
            5.09846900227839,
            7.1405237732713385,
            8.412366281193975
        ],
        "class_f1": [
            5.57150315369422,
            5.114709318906064,
            7.069581206574431,
            7.701955146590345
        ]
    },
    "k": "average"
}