{
    "seed": 4,
    "dataset_type": "four_dawn",
    "alpha": 0.2,
    "beta": 0.2,
    "caption_rate": 0.09,
    "num_epoch": 50,
    "remarks": "no FSR",
    "results": {
        "accuracy": 0.7980295566502463,
        "f1": 0.7976036667897133,
        "class_names": [
            "accident",
            "dense traffic",
            "fire",
            "sparse traffic"
        ],
        "class_precision": [
            0.8,
            0.6304347826086957,
            0.8867924528301887,
            0.8636363636363636
        ],
        "class_recall": [
            0.7272727272727273,
            0.725,
            0.8545454545454545,
            0.9047619047619048
        ],
        "class_f1": [
            0.7619047619047619,
            0.6744186046511628,
            0.8703703703703703,
            0.8837209302325582
        ]
    },
    "k": 2
}