{
    "seed": 4,
    "dataset_type": "four_dawn",
    "alpha": 0.2,
    "beta": 0.2,
    "caption_rate": 0.09,
    "num_epoch": 50,
    "remarks": "no FSR",
    "results": {
        "accuracy": 0.8078817733990148,
        "f1": 0.7959514252739733,
        "class_names": [
            "accident",
            "dense traffic",
            "fire",
            "sparse traffic"
        ],
        "class_precision": [
            0.7368421052631579,
            0.6774193548387096,
            0.84375,
            0.9215686274509803
        ],
        "class_recall": [
            0.7241379310344828,
            0.65625,
            0.8307692307692308,
            0.9791666666666666
        ],
        "class_f1": [
            0.7304347826086957,
            0.6666666666666666,
            0.8372093023255814,
            0.9494949494949495
        ]
    },
    "k": 1
}