{
    "seed": 4,
    "dataset_type": "four_dawn",
    "alpha": 0.2,
    "beta": 0.2,
    "caption_rate": 0.1,
    "num_epoch": 50,
    "remarks": "no FSR",
    "results": {
        "accuracy": 0.8390243902439024,
        "f1": 0.8343916115894575,
        "class_names": [
            "accident",
            "dense traffic",
            "fire",
            "sparse traffic"
        ],
        "class_precision": [
            0.8,
            0.7777777777777778,
            0.8333333333333334,
            0.9361702127659575
        ],
        "class_recall": [
            0.7647058823529411,
            0.7241379310344828,
            0.8870967741935484,
            0.9565217391304348
        ],
        "class_f1": [
            0.7819548872180451,
            0.75,
            0.859375,
            0.946236559139785
        ]
    },
    "k": 2
}