{
    "seed": 4,
    "dataset_type": "four_dawn",
    "alpha": 0.2,
    "beta": 0.2,
    "caption_rate": 0.1,
    "num_epoch": 50,
    "remarks": "no FSR",
    "results": {
        "accuracy": 0.8390243902439024,
        "f1": 0.8369448785243954,
        "class_names": [
            "accident",
            "dense traffic",
            "fire",
            "sparse traffic"
        ],
        "class_precision": [
            0.7441860465116279,
            0.7333333333333333,
            0.9444444444444444,
            0.9375
        ],
        "class_recall": [
            0.6808510638297872,
            0.9166666666666666,
            0.796875,
            0.9782608695652174
        ],
        "class_f1": [
            0.7111111111111111,
            0.8148148148148148,
            0.864406779661017,
            0.9574468085106383
        ]
    },
    "k": 1
}