{
    "seed": 4,
    "dataset_type": "four_dawn",
    "alpha": 0.2,
    "beta": 0.2,
    "caption_rate": 0.1,
    "num_epoch": 50,
    "remarks": "no FSR",
    "results": {
        "accuracy": 0.7439613526570048,
        "f1": 0.7472345085240693,
        "class_names": [
            "accident",
            "dense traffic",
            "fire",
            "sparse traffic"
        ],
        "class_precision": [
            0.5764705882352941,
            0.7777777777777778,
            0.9122807017543859,
            0.8421052631578947
        ],
        "class_recall": [
            0.8166666666666667,
            0.5384615384615384,
            0.7123287671232876,
            0.9142857142857143
        ],
        "class_f1": [
            0.6758620689655173,
            0.6363636363636364,
            0.8,
            0.8767123287671232
        ]
    },
    "k": 5
}