{
    "seed": 4,
    "dataset_type": "four_dawn",
    "alpha": 0.2,
    "beta": 0.2,
    "caption_rate": 0.1,
    "num_epoch": 50,
    "remarks": "no FSR",
    "results": {
        "accuracy": 0.7198067632850241,
        "f1": 0.7336850384118195,
        "class_names": [
            "accident",
            "dense traffic",
            "fire",
            "sparse traffic"
        ],
        "class_precision": [
            0.5671641791044776,
            0.6363636363636364,
            0.864406779661017,
            0.8648648648648649
        ],
        "class_recall": [
            0.6333333333333333,
            0.717948717948718,
            0.6986301369863014,
            0.9142857142857143
        ],
        "class_f1": [
            0.5984251968503937,
            0.6746987951807228,
            0.7727272727272727,
            0.8888888888888888
        ]
    },
    "k": 5
}