{
    "seed": 4,
    "dataset_type": "four_dawn",
    "alpha": 0.2,
    "beta": 0.2,
    "caption_rate": 0.09,
    "num_epoch": 50,
    "remarks": "no FSR",
    "results": {
        "accuracy": 0.7853658536585366,
        "f1": 0.7903595360703204,
        "class_names": [
            "accident",
            "dense traffic",
            "fire",
            "sparse traffic"
        ],
        "class_precision": [
            0.7068965517241379,
            0.725,
            0.8133333333333334,
            0.9375
        ],
        "class_recall": [
            0.6721311475409836,
            0.7073170731707317,
            0.8840579710144928,
            0.8823529411764706
        ],
        "class_f1": [
            0.6890756302521008,
            0.7160493827160493,
            0.8472222222222222,
            0.9090909090909091
        ]
    },
    "k": 4
}