{
    "seed": 4,
    "dataset_type": "four_dawn",
    "alpha": 0.2,
    "beta": 0.2,
    "caption_rate": 0.1,
    "num_epoch": 50,
    "remarks": "no FSR",
    "results": {
        "accuracy": 0.8097560975609757,
        "f1": 0.8110505712151532,
        "class_names": [
            "accident",
            "dense traffic",
            "fire",
            "sparse traffic"
        ],
        "class_precision": [
            0.7692307692307693,
            0.6818181818181818,
            0.8846153846153846,
            0.9090909090909091
        ],
        "class_recall": [
            0.78125,
            0.6976744186046512,
            0.8363636363636363,
            0.9302325581395349
        ],
        "class_f1": [
            0.7751937984496124,
            0.6896551724137931,
            0.8598130841121495,
            0.9195402298850575
        ]
    },
    "k": 3
}