{
    "seed": 24,
    "dataset_type": "lm",
    "alpha": 0.2,
    "beta": 0.2,
    "caption_rate": 0.09,
    "num_epoch": 50,
    "remarks": "text enhancement",
    "results": {
        "accuracy": 0.8164547070659711,
        "f1": 0.8143694601196408,
        "one_name": "low",
        "one_precision": 0.7921220899986408,
        "one_recall": 0.8594781019452059,
        "one_f1": 0.8224460695809492,
        "zero_name": "medium",
        "zero_precision": 0.8528662992320847,
        "zero_recall": 0.7689615120215539,
        "zero_f1": 0.8062928506583324
    },
    "k": "average"
}