{
    "seed": 24,
    "dataset_type": "lm",
    "alpha": 0.2,
    "beta": 0.2,
    "caption_rate": 0.09,
    "num_epoch": 50,
    "remarks": "text enhancement",
    "results": {
        "accuracy": 0.8097345132743363,
        "f1": 0.8069795618408246,
        "one_name": "low",
        "one_precision": 0.7581227436823105,
        "one_recall": 0.9170305676855895,
        "one_f1": 0.8300395256916996,
        "zero_name": "medium",
        "zero_precision": 0.8914285714285715,
        "zero_recall": 0.6995515695067265,
        "zero_f1": 0.7839195979899497
    },
    "k": 3
}