{
    "seed": 24,
    "dataset_type": "lm",
    "alpha": 0.2,
    "beta": 0.2,
    "caption_rate": 0.09,
    "num_epoch": 50,
    "remarks": "text enhancement",
    "results": {
        "accuracy": 0.8123620309050773,
        "f1": 0.8085404722718074,
        "one_name": "low",
        "one_precision": 0.8172043010752689,
        "one_recall": 0.7487684729064039,
        "one_f1": 0.781491002570694,
        "zero_name": "medium",
        "zero_precision": 0.8089887640449438,
        "zero_recall": 0.864,
        "zero_f1": 0.8355899419729207
    },
    "k": 5
}