{
    "seed": 3407,
    "dataset_type": "lm",
    "alpha": 0.2,
    "beta": 0.2,
    "caption_rate": 0.025,
    "num_epoch": 80,
    "remarks": "text enhancement",
    "results": {
        "accuracy": 0.7027838012072906,
        "f1": 0.697121779284617,
        "one_name": "low",
        "one_precision": 0.7351191443022053,
        "one_recall": 0.6711986478192842,
        "one_f1": 0.6882943016702757,
        "zero_name": "medium",
        "zero_precision": 0.7018288919837994,
        "zero_recall": 0.735048574864045,
        "zero_f1": 0.7059492568989583
    },
    "k": "average"
}