{
    "seed": 3407,
    "dataset_type": "lm",
    "alpha": 0.2,
    "beta": 0.2,
    "caption_rate": 0.025,
    "num_epoch": 80,
    "remarks": "text enhancement",
    "results": {
        "accuracy": 0.7146017699115044,
        "f1": 0.7145668424067084,
        "one_name": "low",
        "one_precision": 0.7454545454545455,
        "one_recall": 0.6919831223628692,
        "one_f1": 0.7177242888402626,
        "zero_name": "medium",
        "zero_precision": 0.6853448275862069,
        "zero_recall": 0.7395348837209302,
        "zero_f1": 0.7114093959731543
    },
    "k": 4
}