{
    "seed": 3407,
    "dataset_type": "lm",
    "alpha": 0.2,
    "beta": 0.2,
    "caption_rate": 0.025,
    "num_epoch": 80,
    "remarks": "text enhancement",
    "results": {
        "accuracy": 0.7086092715231788,
        "f1": 0.7083690987124464,
        "one_name": "low",
        "one_precision": 0.6784140969162996,
        "one_recall": 0.7230046948356808,
        "one_f1": 0.7,
        "zero_name": "medium",
        "zero_precision": 0.7389380530973452,
        "zero_recall": 0.6958333333333333,
        "zero_f1": 0.7167381974248928
    },
    "k": 5
}