{
    "seed": 3407,
    "dataset_type": "lm",
    "alpha": 0.2,
    "beta": 0.2,
    "caption_rate": 0.025,
    "num_epoch": 60,
    "remarks": "text enhancement",
    "results": {
        "accuracy": 0.7300884955752213,
        "f1": 0.7264682539682539,
        "one_name": "low",
        "one_precision": 0.7153558052434457,
        "one_recall": 0.8059071729957806,
        "one_f1": 0.7579365079365079,
        "zero_name": "medium",
        "zero_precision": 0.7513513513513513,
        "zero_recall": 0.6465116279069767,
        "zero_f1": 0.695
    },
    "k": 3
}