{
    "seed": 3407,
    "dataset_type": "lm",
    "alpha": 0.2,
    "beta": 0.2,
    "caption_rate": 0.04,
    "num_epoch": 50,
    "remarks": "text enhancement",
    "results": {
        "accuracy": 0.8211920529801324,
        "f1": 0.8209092905776412,
        "one_name": "low",
        "one_precision": 0.8158995815899581,
        "one_recall": 0.8405172413793104,
        "one_f1": 0.8280254777070064,
        "zero_name": "medium",
        "zero_precision": 0.8271028037383178,
        "zero_recall": 0.8009049773755657,
        "zero_f1": 0.8137931034482758
    },
    "k": 5
}