{
    "seed": 3407,
    "dataset_type": "lm",
    "alpha": 0.2,
    "beta": 0.2,
    "caption_rate": 0.04,
    "num_epoch": 50,
    "remarks": "text enhancement",
    "results": {
        "accuracy": 0.827433628318584,
        "f1": 0.8273119122257053,
        "one_name": "low",
        "one_precision": 0.8044444444444444,
        "one_recall": 0.8418604651162791,
        "one_f1": 0.8227272727272728,
        "zero_name": "medium",
        "zero_precision": 0.8502202643171806,
        "zero_recall": 0.8143459915611815,
        "zero_f1": 0.8318965517241379
    },
    "k": 2
}