{
    "seed": 3407,
    "dataset_type": "lm",
    "alpha": 0.2,
    "beta": 0.2,
    "caption_rate": 0.045,
    "num_epoch": 50,
    "remarks": "text enhancement",
    "results": {
        "accuracy": 0.831858407079646,
        "f1": 0.8305312179335386,
        "one_name": "low",
        "one_precision": 0.8527918781725888,
        "one_recall": 0.7813953488372093,
        "one_f1": 0.8155339805825242,
        "zero_name": "medium",
        "zero_precision": 0.8156862745098039,
        "zero_recall": 0.8776371308016878,
        "zero_f1": 0.8455284552845529
    },
    "k": 2
}