{
    "seed": 3407,
    "dataset_type": "lm",
    "alpha": 0.2,
    "beta": 0.2,
    "caption_rate": 0.025,
    "num_epoch": 80,
    "remarks": "text enhancement",
    "results": {
        "accuracy": 0.7190265486725663,
        "f1": 0.7134599545760851,
        "one_name": "low",
        "one_precision": 0.7844311377245509,
        "one_recall": 0.5900900900900901,
        "one_f1": 0.6735218508997429,
        "zero_name": "medium",
        "zero_precision": 0.6807017543859649,
        "zero_recall": 0.8434782608695652,
        "zero_f1": 0.7533980582524272
    },
    "k": 1
}