{
    "seed": 3407,
    "dataset_type": "four_dawn",
    "alpha": 0.2,
    "beta": 0.2,
    "caption_rate": 0.05,
    "num_epoch": 50,
    "remarks": "no FSR",
    "results": {
        "accuracy": 0.7804878048780488,
        "f1": 0.7822345303638952,
        "class_names": [
            "accident",
            "dense traffic",
            "fire",
            "sparse traffic"
        ],
        "class_precision": [
            0.7547169811320755,
            0.7058823529411765,
            0.9166666666666666,
            0.7547169811320755
        ],
        "class_recall": [
            0.7272727272727273,
            0.782608695652174,
            0.6875,
            1.0
        ],
        "class_f1": [
            0.7407407407407407,
            0.7422680412371134,
            0.7857142857142857,
            0.8602150537634409
        ]
    },
    "k": 4
}