{
    "seed": 3407,
    "dataset_type": "four_dawn",
    "alpha": 0.2,
    "beta": 0.2,
    "caption_rate": 0.004,
    "num_epoch": 50,
    "remarks": "no FSR",
    "results": {
        "accuracy": 0.7864077669902912,
        "f1": 0.7798533101442663,
        "class_names": [
            "accident",
            "dense traffic",
            "fire",
            "sparse traffic"
        ],
        "class_precision": [
            0.782608695652174,
            0.6153846153846154,
            0.9024390243902439,
            0.8245614035087719
        ],
        "class_recall": [
            0.7397260273972602,
            0.75,
            0.6851851851851852,
            1.0
        ],
        "class_f1": [
            0.7605633802816901,
            0.676056338028169,
            0.7789473684210526,
            0.9038461538461539
        ]
    },
    "k": 5
}