{
    "seed": 3407,
    "dataset_type": "four_dawn",
    "alpha": 0.2,
    "beta": 0.2,
    "caption_rate": 0.004,
    "num_epoch": 50,
    "remarks": "no FSR",
    "results": {
        "accuracy": 0.8104835238414079,
        "f1": 0.8041490387549542,
        "class_names": [
            "Fog",
            "Rain",
            "Sand",
            "Snow"
        ],
        "class_precision": [
            8.158533928013348,
            7.576741177873897,
            11.37497023447666,
            8.43937928869845
        ],
        "class_recall": [
            9.135253423066091,
            5.892034313725488,
            8.878504050645727,
            10.842903609575764
        ],
        "class_f1": [
            8.52256086369087,
            5.9880331797794035,
            9.909519227046173,
            9.165572657208163
        ]
    },
    "k": "average"
}