{
    "seed": 3407,
    "dataset_type": "four_dawn",
    "alpha": 0.2,
    "beta": 0.2,
    "caption_rate": 0.05,
    "num_epoch": 50,
    "remarks": "no FSR",
    "results": {
        "accuracy": 0.8048780487804879,
        "f1": 0.8123038644633329,
        "class_names": [
            "accident",
            "dense traffic",
            "fire",
            "sparse traffic"
        ],
        "class_precision": [
            0.7586206896551724,
            0.7959183673469388,
            0.8113207547169812,
            0.8666666666666667
        ],
        "class_recall": [
            0.6984126984126984,
            0.7959183673469388,
            0.8269230769230769,
            0.9512195121951219
        ],
        "class_f1": [
            0.7272727272727273,
            0.7959183673469388,
            0.819047619047619,
            0.9069767441860465
        ]
    },
    "k": 2
}