{
    "seed": 3407,
    "dataset_type": "four_dawn",
    "alpha": 0.2,
    "beta": 0.2,
    "caption_rate": 0.05,
    "num_epoch": 50,
    "remarks": "no FSR",
    "results": {
        "accuracy": 0.8164251207729468,
        "f1": 0.818173141969045,
        "class_names": [
            "accident",
            "dense traffic",
            "fire",
            "sparse traffic"
        ],
        "class_precision": [
            0.7580645161290323,
            0.6875,
            0.9491525423728814,
            0.868421052631579
        ],
        "class_recall": [
            0.7704918032786885,
            0.8048780487804879,
            0.8115942028985508,
            0.9166666666666666
        ],
        "class_f1": [
            0.7642276422764228,
            0.7415730337078652,
            0.875,
            0.8918918918918919
        ]
    },
    "k": 5
}