{
    "seed": 3407,
    "dataset_type": "four_dawn",
    "alpha": 0.2,
    "beta": 0.2,
    "caption_rate": 0.004,
    "num_epoch": 50,
    "remarks": "no FSR",
    "results": {
        "accuracy": 0.8472906403940886,
        "f1": 0.843354289019605,
        "class_names": [
            "accident",
            "dense traffic",
            "fire",
            "sparse traffic"
        ],
        "class_precision": [
            0.8448275862068966,
            0.6595744680851063,
            0.96875,
            0.8823529411764706
        ],
        "class_recall": [
            0.765625,
            0.8857142857142857,
            0.8732394366197183,
            0.9090909090909091
        ],
        "class_f1": [
            0.8032786885245902,
            0.7560975609756098,
            0.9185185185185185,
            0.8955223880597015
        ]
    },
    "k": 2
}