{
    "seed": 3407,
    "dataset_type": "four_dawn",
    "alpha": 0.2,
    "beta": 0.2,
    "caption_rate": 0.09,
    "num_epoch": 50,
    "remarks": "no FSR",
    "results": {
        "accuracy": 0.7925533168375163,
        "f1": 0.7918948118091798,
        "class_names": [
            "Fog",
            "Rain",
            "Sand",
            "Snow"
        ],
        "class_precision": [
            8.116861007335153,
            6.285031366375008,
            10.052174078109628,
            7.935228360020195
        ],
        "class_recall": [
            6.728535178156436,
            7.617149986187476,
            7.93854152458889,
            10.212162719453278
        ],
        "class_f1": [
            7.269664037024529,
            6.7361317420285,
            8.843388715665984,
            8.715897906187974
        ]
    },
    "k": "average"
}