{
    "seed": 3407,
    "dataset_type": "four_dawn",
    "alpha": 0.2,
    "beta": 0.2,
    "caption_rate": 0.045,
    "num_epoch": 50,
    "remarks": "no FSR",
    "results": {
        "accuracy": 0.7922705314009661,
        "f1": 0.7915148729946524,
        "class_names": [
            "accident",
            "dense traffic",
            "fire",
            "sparse traffic"
        ],
        "class_precision": [
            0.7333333333333333,
            0.7045454545454546,
            0.9322033898305084,
            0.7727272727272727
        ],
        "class_recall": [
            0.7213114754098361,
            0.7560975609756098,
            0.7971014492753623,
            0.9444444444444444
        ],
        "class_f1": [
            0.7272727272727273,
            0.7294117647058823,
            0.859375,
            0.85
        ]
    },
    "k": 5
}