{
    "seed": 3407,
    "dataset_type": "four_dawn",
    "alpha": 0.2,
    "beta": 0.2,
    "caption_rate": 0.005,
    "num_epoch": 50,
    "remarks": "no FSR",
    "results": {
        "accuracy": 0.8048780487804879,
        "f1": 0.8138019313133884,
        "class_names": [
            "accident",
            "dense traffic",
            "fire",
            "sparse traffic"
        ],
        "class_precision": [
            0.7058823529411765,
            0.7916666666666666,
            0.9285714285714286,
            0.851063829787234
        ],
        "class_recall": [
            0.7619047619047619,
            0.7755102040816326,
            0.75,
            0.975609756097561
        ],
        "class_f1": [
            0.732824427480916,
            0.7835051546391752,
            0.8297872340425532,
            0.9090909090909091
        ]
    },
    "k": 2
}