{
    "seed": 3407,
    "dataset_type": "four_dawn",
    "alpha": 0.2,
    "beta": 0.2,
    "caption_rate": 0.08,
    "num_epoch": 50,
    "remarks": "no FSR",
    "results": {
        "accuracy": 0.7951219512195122,
        "f1": 0.7929305291427315,
        "class_names": [
            "accident",
            "dense traffic",
            "fire",
            "sparse traffic"
        ],
        "class_precision": [
            0.7272727272727273,
            0.6511627906976745,
            0.9107142857142857,
            0.8627450980392157
        ],
        "class_recall": [
            0.6896551724137931,
            0.8235294117647058,
            0.7611940298507462,
            0.9565217391304348
        ],
        "class_f1": [
            0.7079646017699115,
            0.7272727272727273,
            0.8292682926829268,
            0.9072164948453608
        ]
    },
    "k": 1
}