{
    "seed": 3407,
    "dataset_type": "four_dawn",
    "alpha": 0.2,
    "beta": 0.2,
    "caption_rate": 0.05,
    "num_epoch": 50,
    "remarks": "no FSR",
    "results": {
        "accuracy": 0.7658536585365854,
        "f1": 0.7516674921375602,
        "class_names": [
            "accident",
            "dense traffic",
            "fire",
            "sparse traffic"
        ],
        "class_precision": [
            0.6935483870967742,
            0.5806451612903226,
            0.875,
            0.8333333333333334
        ],
        "class_recall": [
            0.6825396825396826,
            0.6,
            0.7887323943661971,
            0.975609756097561
        ],
        "class_f1": [
            0.688,
            0.5901639344262295,
            0.8296296296296296,
            0.898876404494382
        ]
    },
    "k": 3
}