{
    "seed": 3407,
    "dataset_type": "four_dawn",
    "alpha": 0.2,
    "beta": 0.2,
    "caption_rate": 0.05,
    "num_epoch": 50,
    "remarks": "no FSR",
    "results": {
        "accuracy": 0.8146341463414634,
        "f1": 0.8115141664544743,
        "class_names": [
            "accident",
            "dense traffic",
            "fire",
            "sparse traffic"
        ],
        "class_precision": [
            0.7647058823529411,
            0.7567567567567568,
            0.9016393442622951,
            0.8035714285714286
        ],
        "class_recall": [
            0.6724137931034483,
            0.8235294117647058,
            0.8208955223880597,
            0.9782608695652174
        ],
        "class_f1": [
            0.7155963302752294,
            0.7887323943661971,
            0.859375,
            0.8823529411764706
        ]
    },
    "k": 1
}