{
    "seed": 3407,
    "dataset_type": "four_dawn",
    "alpha": 0.2,
    "beta": 0.2,
    "caption_rate": 0.05,
    "num_epoch": 50,
    "remarks": "no FSR",
    "results": {
        "accuracy": 0.7707317073170732,
        "f1": 0.7737654867123932,
        "class_names": [
            "accident",
            "dense traffic",
            "fire",
            "sparse traffic"
        ],
        "class_precision": [
            0.7,
            0.7142857142857143,
            0.9333333333333333,
            0.7647058823529411
        ],
        "class_recall": [
            0.7636363636363637,
            0.7608695652173914,
            0.65625,
            0.975
        ],
        "class_f1": [
            0.7304347826086957,
            0.7368421052631579,
            0.7706422018348624,
            0.8571428571428571
        ]
    },
    "k": 4
}