{
    "seed": 3407,
    "dataset_type": "four_dawn",
    "alpha": 0.2,
    "beta": 0.2,
    "caption_rate": 0.05,
    "num_epoch": 50,
    "remarks": "no FSR",
    "results": {
        "accuracy": 0.7945139625309297,
        "f1": 0.7925409482009312,
        "class_names": [
            "Fog",
            "Rain",
            "Sand",
            "Snow"
        ],
        "class_precision": [
            9.426760770183401,
            7.997791185758601,
            11.813552920574399,
            9.077762310693307
        ],
        "class_recall": [
            8.546972625389815,
            8.649484964717598,
            9.220270944080763,
            11.962020148462354
        ],
        "class_f1": [
            8.884030929542488,
            7.990663122287232,
            10.344189294880493,
            10.148128582904196
        ]
    },
    "k": "average"
}