{
    "seed": 3407,
    "dataset_type": "four_dawn",
    "alpha": 0.2,
    "beta": 0.2,
    "caption_rate": 0.004,
    "num_epoch": 50,
    "remarks": "no FSR",
    "results": {
        "accuracy": 0.8620689655172413,
        "f1": 0.8447341057635176,
        "class_names": [
            "accident",
            "dense traffic",
            "fire",
            "sparse traffic"
        ],
        "class_precision": [
            0.7450980392156863,
            0.8,
            0.9393939393939394,
            0.9107142857142857
        ],
        "class_recall": [
            0.7450980392156863,
            0.7058823529411765,
            0.9393939393939394,
            0.9807692307692307
        ],
        "class_f1": [
            0.7450980392156863,
            0.75,
            0.9393939393939394,
            0.9444444444444444
        ]
    },
    "k": 3
}