{
    "seed": 3407,
    "dataset_type": "four_dawn",
    "alpha": 0.2,
    "beta": 0.2,
    "caption_rate": 0.045,
    "num_epoch": 50,
    "remarks": "no FSR",
    "results": {
        "accuracy": 0.8146341463414634,
        "f1": 0.8140859933547946,
        "class_names": [
            "accident",
            "dense traffic",
            "fire",
            "sparse traffic"
        ],
        "class_precision": [
            0.6857142857142857,
            0.7428571428571429,
            0.9803921568627451,
            0.8775510204081632
        ],
        "class_recall": [
            0.8275862068965517,
            0.7647058823529411,
            0.746268656716418,
            0.9347826086956522
        ],
        "class_f1": [
            0.75,
            0.7536231884057971,
            0.847457627118644,
            0.9052631578947369
        ]
    },
    "k": 1
}