{
    "seed": 3407,
    "dataset_type": "four_dawn",
    "alpha": 0.2,
    "beta": 0.2,
    "caption_rate": 0.005,
    "num_epoch": 50,
    "remarks": "no FSR",
    "results": {
        "accuracy": 0.7886980087192177,
        "f1": 0.7861903555107626,
        "class_names": [
            "Fog",
            "Rain",
            "Sand",
            "Snow"
        ],
        "class_precision": [
            8.554481400276357,
            6.842776151530629,
            10.537137167280623,
            8.06788040224282
        ],
        "class_recall": [
            7.166737731836662,
            7.591471218391919,
            8.26493436797594,
            10.87443089430894
        ],
        "class_f1": [
            7.6820152789882155,
            6.925585355299809,
            9.23889096024477,
            9.028178950345891
        ]
    },
    "k": "average"
}