{
    "seed": 3407,
    "dataset_type": "four_dawn",
    "alpha": 0.2,
    "beta": 0.2,
    "caption_rate": 0.045,
    "num_epoch": 50,
    "remarks": "no FSR",
    "results": {
        "accuracy": 0.7609756097560976,
        "f1": 0.7444707548091007,
        "class_names": [
            "accident",
            "dense traffic",
            "fire",
            "sparse traffic"
        ],
        "class_precision": [
            0.7843137254901961,
            0.5555555555555556,
            0.9016393442622951,
            0.7192982456140351
        ],
        "class_recall": [
            0.6349206349206349,
            0.6666666666666666,
            0.7746478873239436,
            1.0
        ],
        "class_f1": [
            0.7017543859649122,
            0.6060606060606061,
            0.8333333333333334,
            0.8367346938775511
        ]
    },
    "k": 3
}