{
    "seed": 3407,
    "dataset_type": "four_dawn",
    "alpha": 0.2,
    "beta": 0.2,
    "caption_rate": 0.05,
    "num_epoch": 50,
    "remarks": "no FSR",
    "results": {
        "accuracy": 0.8115942028985508,
        "f1": 0.8125858516483516,
        "class_names": [
            "accident",
            "dense traffic",
            "fire",
            "sparse traffic"
        ],
        "class_precision": [
            0.8035714285714286,
            0.72,
            0.9152542372881356,
            0.7857142857142857
        ],
        "class_recall": [
            0.7377049180327869,
            0.8780487804878049,
            0.782608695652174,
            0.9166666666666666
        ],
        "class_f1": [
            0.7692307692307693,
            0.7912087912087912,
            0.84375,
            0.8461538461538461
        ]
    },
    "k": 5
}