{
    "seed": 3407,
    "dataset_type": "four_dawn",
    "alpha": 0.2,
    "beta": 0.2,
    "caption_rate": 0.05,
    "num_epoch": 50,
    "remarks": "no FSR",
    "results": {
        "accuracy": 0.8,
        "f1": 0.8047027004003748,
        "class_names": [
            "accident",
            "dense traffic",
            "fire",
            "sparse traffic"
        ],
        "class_precision": [
            0.7424242424242424,
            0.7647058823529411,
            0.9473684210526315,
            0.8
        ],
        "class_recall": [
            0.7777777777777778,
            0.7959183673469388,
            0.6923076923076923,
            0.975609756097561
        ],
        "class_f1": [
            0.7596899224806202,
            0.78,
            0.8,
            0.8791208791208791
        ]
    },
    "k": 2
}