{
    "seed": 3407,
    "dataset_type": "four_dawn",
    "alpha": 0.2,
    "beta": 0.2,
    "caption_rate": 0.004,
    "num_epoch": 50,
    "remarks": "no FSR",
    "results": {
        "accuracy": 0.7832512315270936,
        "f1": 0.7815634659323665,
        "class_names": [
            "accident",
            "dense traffic",
            "fire",
            "sparse traffic"
        ],
        "class_precision": [
            0.7285714285714285,
            0.8333333333333334,
            0.9,
            0.7021276595744681
        ],
        "class_recall": [
            0.8225806451612904,
            0.5882352941176471,
            0.8035714285714286,
            0.9705882352941176
        ],
        "class_f1": [
            0.7727272727272727,
            0.6896551724137931,
            0.8490566037735849,
            0.8148148148148148
        ]
    },
    "k": 4
}