{
    "seed": 3407,
    "dataset_type": "four_dawn",
    "alpha": 0.2,
    "beta": 0.2,
    "caption_rate": 0.045,
    "num_epoch": 50,
    "remarks": "no FSR",
    "results": {
        "accuracy": 0.7707317073170732,
        "f1": 0.767078225081877,
        "class_names": [
            "accident",
            "dense traffic",
            "fire",
            "sparse traffic"
        ],
        "class_precision": [
            0.7254901960784313,
            0.7894736842105263,
            0.85,
            0.7142857142857143
        ],
        "class_recall": [
            0.6727272727272727,
            0.6521739130434783,
            0.796875,
            1.0
        ],
        "class_f1": [
            0.6981132075471698,
            0.7142857142857143,
            0.8225806451612904,
            0.8333333333333334
        ]
    },
    "k": 4
}