{
    "seed": 3407,
    "dataset_type": "four_dawn",
    "alpha": 0.2,
    "beta": 0.2,
    "caption_rate": 0.08,
    "num_epoch": 50,
    "remarks": "no FSR",
    "results": {
        "accuracy": 0.8146341463414634,
        "f1": 0.8116019425243216,
        "class_names": [
            "accident",
            "dense traffic",
            "fire",
            "sparse traffic"
        ],
        "class_precision": [
            0.6714285714285714,
            0.7931034482758621,
            0.9152542372881356,
            0.9148936170212766
        ],
        "class_recall": [
            0.8103448275862069,
            0.6764705882352942,
            0.8059701492537313,
            0.9347826086956522
        ],
        "class_f1": [
            0.734375,
            0.7301587301587301,
            0.8571428571428571,
            0.9247311827956989
        ]
    },
    "k": 1
}