{
    "seed": 3407,
    "dataset_type": "four_dawn",
    "alpha": 0.2,
    "beta": 0.2,
    "caption_rate": 0.004,
    "num_epoch": 50,
    "remarks": "no FSR",
    "results": {
        "accuracy": 0.7733990147783252,
        "f1": 0.7712400229150156,
        "class_names": [
            "accident",
            "dense traffic",
            "fire",
            "sparse traffic"
        ],
        "class_precision": [
            0.6229508196721312,
            0.7380952380952381,
            0.9636363636363636,
            0.7777777777777778
        ],
        "class_recall": [
            0.7755102040816326,
            0.6458333333333334,
            0.7794117647058824,
            0.9210526315789473
        ],
        "class_f1": [
            0.6909090909090909,
            0.6888888888888889,
            0.8617886178861789,
            0.8433734939759037
        ]
    },
    "k": 1
}