{
    "seed": 6,
    "dataset_type": "lm",
    "alpha": 0.2,
    "beta": 0.2,
    "caption_rate": 0.025,
    "num_epoch": 60,
    "remarks": "text enhancement",
    "results": {
        "accuracy": 0.7168141592920354,
        "f1": 0.7153876426603699,
        "one_name": "low",
        "one_precision": 0.6919431279620853,
        "one_recall": 0.6985645933014354,
        "one_f1": 0.6952380952380952,
        "zero_name": "medium",
        "zero_precision": 0.7385892116182573,
        "zero_recall": 0.7325102880658436,
        "zero_f1": 0.7355371900826446
    },
    "k": 4
}