{
    "seed": 3,
    "dataset_type": "lm",
    "alpha": 0.2,
    "beta": 0.2,
    "caption_rate": 0.025,
    "num_epoch": 50,
    "remarks": "text enhancement",
    "results": {
        "accuracy": 0.7367256637168141,
        "f1": 0.7367140654445777,
        "one_name": "low",
        "one_precision": 0.6707317073170732,
        "one_recall": 0.812807881773399,
        "one_f1": 0.734966592427617,
        "zero_name": "medium",
        "zero_precision": 0.8155339805825242,
        "zero_recall": 0.6746987951807228,
        "zero_f1": 0.7384615384615385
    },
    "k": 1
}