{
    "seed": 3,
    "dataset_type": "lm",
    "alpha": 0.2,
    "beta": 0.2,
    "caption_rate": 0.025,
    "num_epoch": 60,
    "remarks": "text enhancement",
    "results": {
        "accuracy": 0.7234513274336283,
        "f1": 0.7215857294207505,
        "one_name": "low",
        "one_precision": 0.7137254901960784,
        "one_recall": 0.7777777777777778,
        "one_f1": 0.7443762781186094,
        "zero_name": "medium",
        "zero_precision": 0.7360406091370558,
        "zero_recall": 0.6651376146788991,
        "zero_f1": 0.6987951807228916
    },
    "k": 4
}