{
    "seed": 3,
    "dataset_type": "lm",
    "alpha": 0.2,
    "beta": 0.2,
    "caption_rate": 0.025,
    "num_epoch": 60,
    "remarks": "text enhancement",
    "results": {
        "accuracy": 0.7231133641993397,
        "f1": 0.7218904230153109,
        "one_name": "low",
        "one_precision": 0.7137399280185553,
        "one_recall": 0.7440037837509419,
        "one_f1": 0.7282192277632209,
        "zero_name": "medium",
        "zero_precision": 0.732424249322406,
        "zero_recall": 0.7003099387400281,
        "zero_f1": 0.7155616182674007
    },
    "k": "average"
}