{
    "seed": 3,
    "dataset_type": "lm",
    "alpha": 0.2,
    "beta": 0.2,
    "caption_rate": 0.025,
    "num_epoch": 60,
    "remarks": "text enhancement",
    "results": {
        "accuracy": 0.7522123893805309,
        "f1": 0.7493861386138614,
        "one_name": "low",
        "one_precision": 0.7192118226600985,
        "one_recall": 0.7263681592039801,
        "one_f1": 0.7227722772277227,
        "zero_name": "medium",
        "zero_precision": 0.7791164658634538,
        "zero_recall": 0.7729083665338645,
        "zero_f1": 0.776
    },
    "k": 2
}