{
    "seed": 3,
    "dataset_type": "lm",
    "alpha": 0.2,
    "beta": 0.2,
    "caption_rate": 0.025,
    "num_epoch": 50,
    "remarks": "text enhancement",
    "results": {
        "accuracy": 0.6991150442477876,
        "f1": 0.6990207598903251,
        "one_name": "low",
        "one_precision": 0.751219512195122,
        "one_recall": 0.6443514644351465,
        "one_f1": 0.6936936936936937,
        "zero_name": "medium",
        "zero_precision": 0.6558704453441295,
        "zero_recall": 0.7605633802816901,
        "zero_f1": 0.7043478260869566
    },
    "k": 2
}