{
    "seed": 3,
    "dataset_type": "lm",
    "alpha": 0.2,
    "beta": 0.2,
    "caption_rate": 0.025,
    "num_epoch": 50,
    "remarks": "text enhancement",
    "results": {
        "accuracy": 0.745575221238938,
        "f1": 0.7425496401737468,
        "one_name": "low",
        "one_precision": 0.7228464419475655,
        "one_recall": 0.8247863247863247,
        "one_f1": 0.7704590818363274,
        "zero_name": "medium",
        "zero_precision": 0.7783783783783784,
        "zero_recall": 0.6605504587155964,
        "zero_f1": 0.7146401985111662
    },
    "k": 4
}