{
    "seed": 3,
    "dataset_type": "lm",
    "alpha": 0.2,
    "beta": 0.2,
    "caption_rate": 0.025,
    "num_epoch": 60,
    "remarks": "text enhancement",
    "results": {
        "accuracy": 0.7699115044247787,
        "f1": 0.7693651260916494,
        "one_name": "low",
        "one_precision": 0.8316326530612245,
        "one_recall": 0.6965811965811965,
        "one_f1": 0.7581395348837209,
        "zero_name": "medium",
        "zero_precision": 0.72265625,
        "zero_recall": 0.8486238532110092,
        "zero_f1": 0.7805907172995781
    },
    "k": 4
}