{
    "seed": 3,
    "dataset_type": "lm",
    "alpha": 0.2,
    "beta": 0.2,
    "caption_rate": 0.025,
    "num_epoch": 60,
    "remarks": "text enhancement",
    "results": {
        "accuracy": 0.7411504424778761,
        "f1": 0.740997046766871,
        "one_name": "low",
        "one_precision": 0.7788461538461539,
        "one_recall": 0.6952789699570815,
        "one_f1": 0.7346938775510204,
        "zero_name": "medium",
        "zero_precision": 0.7090163934426229,
        "zero_recall": 0.7899543378995434,
        "zero_f1": 0.7473002159827213
    },
    "k": 3
}