{
    "seed": 3,
    "dataset_type": "lm",
    "alpha": 0.2,
    "beta": 0.2,
    "caption_rate": 0.025,
    "num_epoch": 60,
    "remarks": "text enhancement",
    "results": {
        "accuracy": 0.7433628318584071,
        "f1": 0.7377718206733751,
        "one_name": "low",
        "one_precision": 0.7894736842105263,
        "one_recall": 0.627906976744186,
        "one_f1": 0.6994818652849741,
        "zero_name": "medium",
        "zero_precision": 0.7153024911032029,
        "zero_recall": 0.8481012658227848,
        "zero_f1": 0.7760617760617761
    },
    "k": 1
}