{
    "seed": 3,
    "dataset_type": "lm",
    "alpha": 0.2,
    "beta": 0.2,
    "caption_rate": 0.025,
    "num_epoch": 60,
    "remarks": "text enhancement",
    "results": {
        "accuracy": 0.7637969094922737,
        "f1": 0.7637554649003524,
        "one_name": "low",
        "one_precision": 0.7522123893805309,
        "one_recall": 0.7692307692307693,
        "one_f1": 0.7606263982102909,
        "zero_name": "medium",
        "zero_precision": 0.775330396475771,
        "zero_recall": 0.7586206896551724,
        "zero_f1": 0.7668845315904139
    },
    "k": 5
}