{
    "seed": 3,
    "dataset_type": "lm",
    "alpha": 0.2,
    "beta": 0.2,
    "caption_rate": 0.025,
    "num_epoch": 50,
    "remarks": "text enhancement",
    "results": {
        "accuracy": 0.7234513274336283,
        "f1": 0.7232874431269989,
        "one_name": "low",
        "one_precision": 0.7596153846153846,
        "one_recall": 0.6781115879828327,
        "one_f1": 0.7165532879818595,
        "zero_name": "medium",
        "zero_precision": 0.6926229508196722,
        "zero_recall": 0.771689497716895,
        "zero_f1": 0.7300215982721382
    },
    "k": 3
}