{
    "seed": 3,
    "dataset_type": "lm",
    "alpha": 0.2,
    "beta": 0.2,
    "caption_rate": 0.025,
    "num_epoch": 60,
    "remarks": "text enhancement",
    "results": {
        "accuracy": 0.6880530973451328,
        "f1": 0.6861713914289513,
        "one_name": "low",
        "one_precision": 0.6975806451612904,
        "one_recall": 0.7238493723849372,
        "one_f1": 0.7104722792607803,
        "zero_name": "medium",
        "zero_precision": 0.6764705882352942,
        "zero_recall": 0.647887323943662,
        "zero_f1": 0.6618705035971223
    },
    "k": 2
}