{
    "seed": 3,
    "dataset_type": "four_dawn",
    "alpha": 0.2,
    "beta": 0.2,
    "caption_rate": 0.025,
    "num_epoch": 60,
    "remarks": "no FSR",
    "results": {
        "accuracy": 0.7142857142857143,
        "f1": 0.6964093712988552,
        "class_names": [
            "accident",
            "dense traffic",
            "fire",
            "sparse traffic"
        ],
        "class_precision": [
            0.5833333333333334,
            0.7142857142857143,
            0.7564102564102564,
            0.90625
        ],
        "class_recall": [
            0.7924528301886793,
            0.3488372093023256,
            0.8309859154929577,
            0.8055555555555556
        ],
        "class_f1": [
            0.672,
            0.46875,
            0.7919463087248322,
            0.8529411764705882
        ]
    },
    "k": 1
}