{
    "seed": 3,
    "dataset_type": "four_dawn",
    "alpha": 0.2,
    "beta": 0.2,
    "caption_rate": 0.025,
    "num_epoch": 60,
    "remarks": "no FSR",
    "results": {
        "accuracy": 0.6157635467980296,
        "f1": 0.5550529662731423,
        "class_names": [
            "accident",
            "dense traffic",
            "fire",
            "sparse traffic"
        ],
        "class_precision": [
            0.559322033898305,
            0.8333333333333334,
            0.5974025974025974,
            0.6721311475409836
        ],
        "class_recall": [
            0.559322033898305,
            0.14285714285714285,
            0.7666666666666667,
            0.8367346938775511
        ],
        "class_f1": [
            0.559322033898305,
            0.24390243902439024,
            0.6715328467153284,
            0.7454545454545455
        ]
    },
    "k": 4
}