{
    "seed": 3,
    "dataset_type": "four_dawn",
    "alpha": 0.2,
    "beta": 0.2,
    "caption_rate": 0.025,
    "num_epoch": 60,
    "remarks": "no FSR",
    "results": {
        "accuracy": 0.6699507389162561,
        "f1": 0.585907820736385,
        "class_names": [
            "accident",
            "dense traffic",
            "fire",
            "sparse traffic"
        ],
        "class_precision": [
            0.5675675675675675,
            0.6,
            0.8333333333333334,
            0.640625
        ],
        "class_recall": [
            0.711864406779661,
            0.08333333333333333,
            0.78125,
            0.9318181818181818
        ],
        "class_f1": [
            0.631578947368421,
            0.14634146341463414,
            0.8064516129032258,
            0.7592592592592593
        ]
    },
    "k": 2
}