{
    "seed": 3,
    "dataset_type": "four_dawn",
    "alpha": 0.2,
    "beta": 0.2,
    "caption_rate": 0.025,
    "num_epoch": 60,
    "remarks": "no FSR",
    "results": {
        "accuracy": 0.6019417475728155,
        "f1": 0.5908197597653405,
        "class_names": [
            "accident",
            "dense traffic",
            "fire",
            "sparse traffic"
        ],
        "class_precision": [
            0.75,
            0.5128205128205128,
            0.5925925925925926,
            0.5925925925925926
        ],
        "class_recall": [
            0.34782608695652173,
            0.4444444444444444,
            0.8571428571428571,
            0.8888888888888888
        ],
        "class_f1": [
            0.4752475247524752,
            0.47619047619047616,
            0.7007299270072993,
            0.7111111111111111
        ]
    },
    "k": 5
}