{
    "seed": 3,
    "dataset_type": "four_dawn",
    "alpha": 0.2,
    "beta": 0.2,
    "caption_rate": 0.025,
    "num_epoch": 60,
    "remarks": "no FSR",
    "results": {
        "accuracy": 0.6553637189726912,
        "f1": 0.6066463403373871,
        "class_names": [
            "Fog",
            "Rain",
            "Sand",
            "Snow"
        ],
        "class_precision": [
            5.2359459691997,
            4.377977830432938,
            6.053114806486305,
            4.997351558629296
        ],
        "class_recall": [
            5.895616950079486,
            1.173193690408665,
            7.393851861167002,
            5.941839113267685
        ],
        "class_f1": [
            4.555142253863883,
            1.621899380493609,
            6.276923877628873,
            5.049294140054667
        ]
    },
    "k": "average"
}