{
    "seed": 3,
    "dataset_type": "four_dawn",
    "alpha": 0.2,
    "beta": 0.2,
    "caption_rate": 0.025,
    "num_epoch": 60,
    "remarks": "no FSR",
    "results": {
        "accuracy": 0.6748768472906403,
        "f1": 0.6050417836132123,
        "class_names": [
            "accident",
            "dense traffic",
            "fire",
            "sparse traffic"
        ],
        "class_precision": [
            0.7111111111111111,
            0.75,
            0.6777777777777778,
            0.6333333333333333
        ],
        "class_recall": [
            0.5423728813559322,
            0.14634146341463414,
            0.953125,
            0.9743589743589743
        ],
        "class_f1": [
            0.6153846153846154,
            0.24489795918367346,
            0.7922077922077922,
            0.7676767676767676
        ]
    },
    "k": 3
}