{
    "seed": 4,
    "dataset_type": "lm",
    "alpha": 0.2,
    "beta": 0.2,
    "caption_rate": 0.025,
    "num_epoch": 60,
    "remarks": "text enhancement",
    "results": {
        "accuracy": 0.7256637168141593,
        "f1": 0.7252279635258359,
        "one_name": "low",
        "one_precision": 0.7110091743119266,
        "one_recall": 0.7175925925925926,
        "one_f1": 0.7142857142857143,
        "zero_name": "medium",
        "zero_precision": 0.7393162393162394,
        "zero_recall": 0.7330508474576272,
        "zero_f1": 0.7361702127659574
    },
    "k": 3
}