{
    "seed": 4,
    "dataset_type": "lm",
    "alpha": 0.2,
    "beta": 0.2,
    "caption_rate": 0.025,
    "num_epoch": 60,
    "remarks": "text enhancement",
    "results": {
        "accuracy": 0.7101769911504425,
        "f1": 0.7070090798881714,
        "one_name": "low",
        "one_precision": 0.6814814814814815,
        "one_recall": 0.8034934497816594,
        "one_f1": 0.7374749498997996,
        "zero_name": "medium",
        "zero_precision": 0.7527472527472527,
        "zero_recall": 0.6143497757847534,
        "zero_f1": 0.6765432098765433
    },
    "k": 1
}