{
    "seed": 4,
    "dataset_type": "lm",
    "alpha": 0.2,
    "beta": 0.2,
    "caption_rate": 0.09,
    "num_epoch": 50,
    "remarks": "text enhancement",
    "results": {
        "accuracy": 0.8053097345132744,
        "f1": 0.8053059226627508,
        "one_name": "low",
        "one_precision": 0.8008849557522124,
        "one_recall": 0.8080357142857143,
        "one_f1": 0.8044444444444444,
        "zero_name": "medium",
        "zero_precision": 0.8097345132743363,
        "zero_recall": 0.8026315789473685,
        "zero_f1": 0.8061674008810573
    },
    "k": 4
}