{
    "seed": 4,
    "dataset_type": "lm",
    "alpha": 0.2,
    "beta": 0.2,
    "caption_rate": 0.025,
    "num_epoch": 60,
    "remarks": "text enhancement",
    "results": {
        "accuracy": 0.7190265486725663,
        "f1": 0.7144860858968939,
        "one_name": "low",
        "one_precision": 0.783625730994152,
        "one_recall": 0.5982142857142857,
        "one_f1": 0.6784810126582278,
        "zero_name": "medium",
        "zero_precision": 0.6797153024911032,
        "zero_recall": 0.8377192982456141,
        "zero_f1": 0.75049115913556
    },
    "k": 4
}