{
    "seed": 4,
    "dataset_type": "lm",
    "alpha": 0.2,
    "beta": 0.2,
    "caption_rate": 0.09,
    "num_epoch": 50,
    "remarks": "text enhancement",
    "results": {
        "accuracy": 0.8053097345132744,
        "f1": 0.8051724137931034,
        "one_name": "low",
        "one_precision": 0.7857142857142857,
        "one_recall": 0.8148148148148148,
        "one_f1": 0.8,
        "zero_name": "medium",
        "zero_precision": 0.8245614035087719,
        "zero_recall": 0.7966101694915254,
        "zero_f1": 0.8103448275862069
    },
    "k": 3
}