{
    "seed": 4,
    "dataset_type": "lm",
    "alpha": 0.2,
    "beta": 0.2,
    "caption_rate": 0.025,
    "num_epoch": 60,
    "remarks": "text enhancement",
    "results": {
        "accuracy": 0.7461368653421634,
        "f1": 0.7461319168636242,
        "one_name": "low",
        "one_precision": 0.7533632286995515,
        "one_recall": 0.7368421052631579,
        "one_f1": 0.7450110864745011,
        "zero_name": "medium",
        "zero_precision": 0.7391304347826086,
        "zero_recall": 0.7555555555555555,
        "zero_f1": 0.7472527472527473
    },
    "k": 5
}