{
    "seed": 2,
    "dataset_type": "lm",
    "alpha": 0.2,
    "beta": 0.2,
    "caption_rate": 0.025,
    "num_epoch": 60,
    "remarks": "text enhancement",
    "results": {
        "accuracy": 0.754424778761062,
        "f1": 0.7539900854650564,
        "one_name": "low",
        "one_precision": 0.7531380753138075,
        "one_recall": 0.7758620689655172,
        "one_f1": 0.7643312101910829,
        "zero_name": "medium",
        "zero_precision": 0.755868544600939,
        "zero_recall": 0.7318181818181818,
        "zero_f1": 0.74364896073903
    },
    "k": 3
}