{
    "seed": 2,
    "dataset_type": "lm",
    "alpha": 0.2,
    "beta": 0.2,
    "caption_rate": 0.02,
    "num_epoch": 50,
    "remarks": "text enhancement",
    "results": {
        "accuracy": 0.7079646017699115,
        "f1": 0.7075982121853681,
        "one_name": "low",
        "one_precision": 0.711864406779661,
        "one_recall": 0.7241379310344828,
        "one_f1": 0.717948717948718,
        "zero_name": "medium",
        "zero_precision": 0.7037037037037037,
        "zero_recall": 0.6909090909090909,
        "zero_f1": 0.6972477064220184
    },
    "k": 3
}