{
    "seed": 2,
    "dataset_type": "lm",
    "alpha": 0.2,
    "beta": 0.2,
    "caption_rate": 0.025,
    "num_epoch": 50,
    "remarks": "text enhancement",
    "results": {
        "accuracy": 0.7765486725663717,
        "f1": 0.7763023142998544,
        "one_name": "low",
        "one_precision": 0.8195121951219512,
        "one_recall": 0.7241379310344828,
        "one_f1": 0.7688787185354691,
        "zero_name": "medium",
        "zero_precision": 0.7408906882591093,
        "zero_recall": 0.8318181818181818,
        "zero_f1": 0.7837259100642399
    },
    "k": 2
}