{
    "seed": 2,
    "dataset_type": "lm",
    "alpha": 0.2,
    "beta": 0.2,
    "caption_rate": 0.045,
    "num_epoch": 50,
    "remarks": "text enhancement",
    "results": {
        "accuracy": 0.8119469026548672,
        "f1": 0.8118354613263592,
        "one_name": "low",
        "one_precision": 0.827906976744186,
        "one_recall": 0.7876106194690266,
        "one_f1": 0.8072562358276644,
        "zero_name": "medium",
        "zero_precision": 0.7974683544303798,
        "zero_recall": 0.8362831858407079,
        "zero_f1": 0.816414686825054
    },
    "k": 4
}