{
    "seed": 2,
    "dataset_type": "lm",
    "alpha": 0.2,
    "beta": 0.2,
    "caption_rate": 0.025,
    "num_epoch": 60,
    "remarks": "text enhancement",
    "results": {
        "accuracy": 0.7278761061946902,
        "f1": 0.7246400499249639,
        "one_name": "low",
        "one_precision": 0.7026022304832714,
        "one_recall": 0.8146551724137931,
        "one_f1": 0.7544910179640718,
        "zero_name": "medium",
        "zero_precision": 0.7650273224043715,
        "zero_recall": 0.6363636363636364,
        "zero_f1": 0.6947890818858561
    },
    "k": 3
}