{
    "seed": 2,
    "dataset_type": "lm",
    "alpha": 0.2,
    "beta": 0.2,
    "caption_rate": 0.045,
    "num_epoch": 50,
    "remarks": "text enhancement",
    "results": {
        "accuracy": 0.8322295805739515,
        "f1": 0.8321633321633322,
        "one_name": "low",
        "one_precision": 0.8109243697478992,
        "one_recall": 0.8616071428571429,
        "one_f1": 0.8354978354978355,
        "zero_name": "medium",
        "zero_precision": 0.8558139534883721,
        "zero_recall": 0.8034934497816594,
        "zero_f1": 0.8288288288288288
    },
    "k": 5
}