{
    "seed": 2,
    "dataset_type": "lm",
    "alpha": 0.2,
    "beta": 0.2,
    "caption_rate": 0.04,
    "num_epoch": 50,
    "remarks": "text enhancement",
    "results": {
        "accuracy": 0.8089228154486315,
        "f1": 0.8083415579752531,
        "one_name": "low",
        "one_precision": 0.8079507502316268,
        "one_recall": 0.8106382386135209,
        "one_f1": 0.8085461210726796,
        "zero_name": "medium",
        "zero_precision": 0.812164119547696,
        "zero_recall": 0.8056976375079618,
        "zero_f1": 0.8081369948778265
    },
    "k": "average"
}