{
    "seed": 2,
    "dataset_type": "lm",
    "alpha": 0.2,
    "beta": 0.2,
    "caption_rate": 0.025,
    "num_epoch": 60,
    "remarks": "text enhancement",
    "results": {
        "accuracy": 0.7035398230088495,
        "f1": 0.7028358355411638,
        "one_name": "low",
        "one_precision": 0.7024793388429752,
        "one_recall": 0.7327586206896551,
        "one_f1": 0.7172995780590717,
        "zero_name": "medium",
        "zero_precision": 0.7047619047619048,
        "zero_recall": 0.6727272727272727,
        "zero_f1": 0.6883720930232559
    },
    "k": 3
}