{
    "seed": 2,
    "dataset_type": "lm",
    "alpha": 0.2,
    "beta": 0.2,
    "caption_rate": 0.025,
    "num_epoch": 60,
    "remarks": "text enhancement",
    "results": {
        "accuracy": 0.7190265486725663,
        "f1": 0.7181643664786257,
        "one_name": "low",
        "one_precision": 0.7109004739336493,
        "one_recall": 0.6944444444444444,
        "one_f1": 0.702576112412178,
        "zero_name": "medium",
        "zero_precision": 0.7261410788381742,
        "zero_recall": 0.7415254237288136,
        "zero_f1": 0.7337526205450734
    },
    "k": 1
}