{
    "seed": 2,
    "dataset_type": "lm",
    "alpha": 0.2,
    "beta": 0.2,
    "caption_rate": 0.025,
    "num_epoch": 60,
    "remarks": "text enhancement",
    "results": {
        "accuracy": 0.7212389380530974,
        "f1": 0.7212334801762115,
        "one_name": "low",
        "one_precision": 0.7192982456140351,
        "one_recall": 0.7256637168141593,
        "one_f1": 0.7224669603524229,
        "zero_name": "medium",
        "zero_precision": 0.7232142857142857,
        "zero_recall": 0.7168141592920354,
        "zero_f1": 0.72
    },
    "k": 4
}