{
    "seed": 2,
    "dataset_type": "lm",
    "alpha": 0.2,
    "beta": 0.2,
    "caption_rate": 0.025,
    "num_epoch": 50,
    "remarks": "text enhancement",
    "results": {
        "accuracy": 0.7278761061946902,
        "f1": 0.7274906256892876,
        "one_name": "low",
        "one_precision": 0.7684729064039408,
        "one_recall": 0.6724137931034483,
        "one_f1": 0.7172413793103448,
        "zero_name": "medium",
        "zero_precision": 0.6947791164658634,
        "zero_recall": 0.7863636363636364,
        "zero_f1": 0.7377398720682303
    },
    "k": 3
}