{
    "seed": 2,
    "dataset_type": "four_dawn",
    "alpha": 0.2,
    "beta": 0.2,
    "caption_rate": 0.025,
    "num_epoch": 100,
    "remarks": "no FSR",
    "results": {
        "accuracy": 0.6650485436893204,
        "f1": 0.6110664931711351,
        "class_names": [
            "accident",
            "dense traffic",
            "fire",
            "sparse traffic"
        ],
        "class_precision": [
            0.49295774647887325,
            0.5833333333333334,
            0.7380952380952381,
            0.8461538461538461
        ],
        "class_recall": [
            0.660377358490566,
            0.18421052631578946,
            0.8611111111111112,
            0.7674418604651163
        ],
        "class_f1": [
            0.5645161290322581,
            0.28,
            0.7948717948717948,
            0.8048780487804879
        ]
    },
    "k": 5
}