{
    "seed": 2,
    "dataset_type": "four_dawn",
    "alpha": 0.2,
    "beta": 0.2,
    "caption_rate": 0.025,
    "num_epoch": 100,
    "remarks": "no FSR",
    "results": {
        "accuracy": 0.687689511693529,
        "f1": 0.650748775847872,
        "class_names": [
            "Fog",
            "Rain",
            "Sand",
            "Snow"
        ],
        "class_precision": [
            4.923114916003229,
            5.012786870939044,
            6.143726744286878,
            4.9338504755513295
        ],
        "class_recall": [
            4.991158571123156,
            1.1519722730249045,
            8.765949936737979,
            6.583153125943825
        ],
        "class_f1": [
            4.388379803336019,
            1.6573372933934774,
            7.064207045349765,
            5.457665694743723
        ]
    },
    "k": "average"
}