{
    "seed": 2,
    "dataset_type": "four_dawn",
    "alpha": 0.2,
    "beta": 0.2,
    "caption_rate": 0.025,
    "num_epoch": 100,
    "remarks": "no FSR",
    "results": {
        "accuracy": 0.6748768472906403,
        "f1": 0.6707199724076565,
        "class_names": [
            "accident",
            "dense traffic",
            "fire",
            "sparse traffic"
        ],
        "class_precision": [
            0.7659574468085106,
            0.625,
            0.5853658536585366,
            0.7857142857142857
        ],
        "class_recall": [
            0.5373134328358209,
            0.47619047619047616,
            0.8888888888888888,
            0.825
        ],
        "class_f1": [
            0.631578947368421,
            0.5405405405405406,
            0.7058823529411765,
            0.8048780487804879
        ]
    },
    "k": 4
}