{
    "seed": 2,
    "dataset_type": "four_dawn",
    "alpha": 0.2,
    "beta": 0.2,
    "caption_rate": 0.025,
    "num_epoch": 100,
    "remarks": "no FSR",
    "results": {
        "accuracy": 0.7339901477832512,
        "f1": 0.7046011768551814,
        "class_names": [
            "accident",
            "dense traffic",
            "fire",
            "sparse traffic"
        ],
        "class_precision": [
            0.6557377049180327,
            0.6666666666666666,
            0.8695652173913043,
            0.673469387755102
        ],
        "class_recall": [
            0.6779661016949152,
            0.35555555555555557,
            0.9375,
            0.9428571428571428
        ],
        "class_f1": [
            0.6666666666666666,
            0.463768115942029,
            0.9022556390977443,
            0.7857142857142857
        ]
    },
    "k": 2
}