{
    "seed": 2,
    "dataset_type": "four_dawn",
    "alpha": 0.2,
    "beta": 0.2,
    "caption_rate": 0.025,
    "num_epoch": 100,
    "remarks": "no FSR",
    "results": {
        "accuracy": 0.7044334975369458,
        "f1": 0.6225479456484262,
        "class_names": [
            "accident",
            "dense traffic",
            "fire",
            "sparse traffic"
        ],
        "class_precision": [
            0.589041095890411,
            0.8,
            0.7763157894736842,
            0.7551020408163265
        ],
        "class_recall": [
            0.7962962962962963,
            0.10526315789473684,
            0.855072463768116,
            0.8809523809523809
        ],
        "class_f1": [
            0.6771653543307087,
            0.18604651162790697,
            0.8137931034482758,
            0.8131868131868132
        ]
    },
    "k": 3
}