{
    "seed": 2,
    "dataset_type": "four_dawn",
    "alpha": 0.2,
    "beta": 0.2,
    "caption_rate": 0.025,
    "num_epoch": 100,
    "remarks": "no FSR",
    "results": {
        "accuracy": 0.6600985221674877,
        "f1": 0.6448082911569615,
        "class_names": [
            "accident",
            "dense traffic",
            "fire",
            "sparse traffic"
        ],
        "class_precision": [
            0.7567567567567568,
            0.5625,
            0.620253164556962,
            0.7090909090909091
        ],
        "class_recall": [
            0.42424242424242425,
            0.4864864864864865,
            0.875,
            0.8863636363636364
        ],
        "class_f1": [
            0.5436893203883495,
            0.5217391304347826,
            0.725925925925926,
            0.7878787878787878
        ]
    },
    "k": 1
}