{
    "seed": 1024,
    "dataset_type": "four_dawn",
    "alpha": 0.2,
    "beta": 0.2,
    "caption_rate": 0.09,
    "num_epoch": 50,
    "remarks": "no FSR",
    "results": {
        "accuracy": 0.7658536585365854,
        "f1": 0.7711743067345783,
        "class_names": [
            "accident",
            "dense traffic",
            "fire",
            "sparse traffic"
        ],
        "class_precision": [
            0.7466666666666667,
            0.5106382978723404,
            0.9615384615384616,
            0.8709677419354839
        ],
        "class_recall": [
            0.7466666666666667,
            0.8275862068965517,
            0.6944444444444444,
            0.9310344827586207
        ],
        "class_f1": [
            0.7466666666666667,
            0.631578947368421,
            0.8064516129032258,
            0.9
        ]
    },
    "k": 4
}