{
    "seed": 1024,
    "dataset_type": "four_dawn",
    "alpha": 0.2,
    "beta": 0.2,
    "caption_rate": 0.09,
    "num_epoch": 50,
    "remarks": "no FSR",
    "results": {
        "accuracy": 0.8048780487804879,
        "f1": 0.8101897508638922,
        "class_names": [
            "accident",
            "dense traffic",
            "fire",
            "sparse traffic"
        ],
        "class_precision": [
            0.6984126984126984,
            0.7021276595744681,
            0.8913043478260869,
            0.9591836734693877
        ],
        "class_recall": [
            0.7213114754098361,
            0.75,
            0.7884615384615384,
            0.9791666666666666
        ],
        "class_f1": [
            0.7096774193548387,
            0.7252747252747253,
            0.8367346938775511,
            0.9690721649484536
        ]
    },
    "k": 1
}