{
    "seed": 1024,
    "dataset_type": "four_dawn",
    "alpha": 0.2,
    "beta": 0.2,
    "caption_rate": 0.09,
    "num_epoch": 50,
    "remarks": "no FSR",
    "results": {
        "accuracy": 0.7853658536585366,
        "f1": 0.794746755982126,
        "class_names": [
            "accident",
            "dense traffic",
            "fire",
            "sparse traffic"
        ],
        "class_precision": [
            0.5849056603773585,
            0.6779661016949152,
            0.9666666666666667,
            0.9696969696969697
        ],
        "class_recall": [
            0.6595744680851063,
            0.8888888888888888,
            0.7341772151898734,
            0.9411764705882353
        ],
        "class_f1": [
            0.62,
            0.7692307692307693,
            0.8345323741007195,
            0.9552238805970149
        ]
    },
    "k": 3
}