{
    "seed": 1024,
    "dataset_type": "four_dawn",
    "alpha": 0.2,
    "beta": 0.2,
    "caption_rate": 0.09,
    "num_epoch": 50,
    "remarks": "no FSR",
    "results": {
        "accuracy": 0.7874396135265701,
        "f1": 0.7899015673330279,
        "class_names": [
            "accident",
            "dense traffic",
            "fire",
            "sparse traffic"
        ],
        "class_precision": [
            0.7884615384615384,
            0.75,
            0.7794117647058824,
            0.8372093023255814
        ],
        "class_recall": [
            0.640625,
            0.7857142857142857,
            0.8833333333333333,
            0.8780487804878049
        ],
        "class_f1": [
            0.7068965517241379,
            0.7674418604651163,
            0.828125,
            0.8571428571428571
        ]
    },
    "k": 5
}