{
    "seed": 1024,
    "dataset_type": "four_dawn",
    "alpha": 0.2,
    "beta": 0.2,
    "caption_rate": 0.09,
    "num_epoch": 50,
    "remarks": "no FSR",
    "results": {
        "accuracy": 0.8048780487804879,
        "f1": 0.7992172548306937,
        "class_names": [
            "accident",
            "dense traffic",
            "fire",
            "sparse traffic"
        ],
        "class_precision": [
            0.6607142857142857,
            0.6904761904761905,
            0.9245283018867925,
            0.9259259259259259
        ],
        "class_recall": [
            0.6981132075471698,
            0.725,
            0.8166666666666667,
            0.9615384615384616
        ],
        "class_f1": [
            0.6788990825688074,
            0.7073170731707317,
            0.8672566371681416,
            0.9433962264150944
        ]
    },
    "k": 2
}