{
    "seed": 1024,
    "dataset_type": "four_dawn",
    "alpha": 0.2,
    "beta": 0.2,
    "caption_rate": 0.09,
    "num_epoch": 50,
    "remarks": "no FSR",
    "results": {
        "accuracy": 0.7896830446565335,
        "f1": 0.7930459271488637,
        "class_names": [
            "Fog",
            "Rain",
            "Sand",
            "Snow"
        ],
        "class_precision": [
            5.93057192549973,
            6.28193888488227,
            8.74705552295202,
            7.822994309523698
        ],
        "class_recall": [
            7.458448340802849,
            5.514020998158928,
            7.144924267012873,
            7.971419462848866
        ],
        "class_f1": [
            6.434685134121764,
            5.561461440305556,
            7.808502965557099,
            7.637327222027212
        ]
    },
    "k": "average"
}