{
    "num_epochs": 50,
    "dataset": "lm",
    "accuracy": 0.710172744721689,
    "f1": 0.7096785696609281,
    "class_0": {
        "precision": 0.7280334728033473,
        "recall": 0.6692307692307692,
        "f1": 0.6973947895791583
    },
    "class_1": {
        "precision": 0.6950354609929078,
        "recall": 0.7509578544061303,
        "f1": 0.7219152854511971
    }
}