{
    "num_epochs": 50,
    "dataset": "lm",
    "accuracy": 0.6026871401151631,
    "f1": 0.5988191207385065,
    "class_0": {
        "precision": 0.5769230769230769,
        "recall": 0.7058823529411765,
        "f1": 0.6349206349206349
    },
    "class_1": {
        "precision": 0.6411483253588517,
        "recall": 0.5037593984962406,
        "f1": 0.5642105263157895
    }
}