{
    "seed": 3,
    "num_epochs": 50,
    "dataset": "type_four",
    "accuracy": 0.6425531914893617,
    "f1": 0.644823694365393,
    "class_metrics": {
        "class_0": {
            "precision": 0.6615384615384615,
            "recall": 0.589041095890411,
            "f1": 0.6231884057971014
        },
        "class_1": {
            "precision": 0.5538461538461539,
            "recall": 0.6792452830188679,
            "f1": 0.6101694915254238
        },
        "class_2": {
            "precision": 0.7704918032786885,
            "recall": 0.6811594202898551,
            "f1": 0.7230769230769231
        },
        "class_3": {
            "precision": 0.5681818181818182,
            "recall": 0.625,
            "f1": 0.5952380952380952
        }
    }
}