{
    "num_epochs": 50,
    "dataset": "lm",
    "accuracy": 0.6295585412667947,
    "f1": 0.6293455316590127,
    "class_0": {
        "precision": 0.6370967741935484,
        "recall": 0.6053639846743295,
        "f1": 0.6208251473477406
    },
    "class_1": {
        "precision": 0.6227106227106227,
        "recall": 0.6538461538461539,
        "f1": 0.6378986866791745
    }
}