{
    "num_epochs": 50,
    "dataset": "lm",
    "accuracy": 0.5758157389635317,
    "f1": 0.5735698028037322,
    "class_0": {
        "precision": 0.5720720720720721,
        "recall": 0.5019762845849802,
        "f1": 0.5347368421052632
    },
    "class_1": {
        "precision": 0.5785953177257525,
        "recall": 0.6455223880597015,
        "f1": 0.6102292768959435
    }
}