{
    "num_epochs": 50,
    "dataset": "lm",
    "accuracy": 0.6468330134357005,
    "f1": 0.6462694324411536,
    "class_0": {
        "precision": 0.6485355648535565,
        "recall": 0.6078431372549019,
        "f1": 0.6275303643724697
    },
    "class_1": {
        "precision": 0.6453900709219859,
        "recall": 0.6842105263157895,
        "f1": 0.6642335766423357
    }
}