{
    "num_epochs": 60,
    "dataset": "lm",
    "accuracy": 0.6161228406909789,
    "f1": 0.6157831464316647,
    "class_0": {
        "precision": 0.6086956521739131,
        "recall": 0.6461538461538462,
        "f1": 0.6268656716417911
    },
    "class_1": {
        "precision": 0.6244897959183674,
        "recall": 0.5862068965517241,
        "f1": 0.6047430830039525
    }
}