{
    "num_epochs": 50,
    "dataset": "lm",
    "accuracy": 0.6007677543186181,
    "f1": 0.6004319680119361,
    "class_0": {
        "precision": 0.6,
        "recall": 0.5719844357976653,
        "f1": 0.5856573705179283
    },
    "class_1": {
        "precision": 0.6014492753623188,
        "recall": 0.6287878787878788,
        "f1": 0.6148148148148148
    }
}