{
    "seed": 0,
    "num_epochs": 50,
    "dataset": "type_four",
    "accuracy": 0.7426160337552743,
    "f1": 0.7435105683711493,
    "class_metrics": {
        "class_0": {
            "precision": 0.7027027027027027,
            "recall": 0.7027027027027027,
            "f1": 0.7027027027027027
        },
        "class_1": {
            "precision": 0.5714285714285714,
            "recall": 0.6086956521739131,
            "f1": 0.5894736842105263
        },
        "class_2": {
            "precision": 0.8524590163934426,
            "recall": 0.7647058823529411,
            "f1": 0.8062015503875969
        },
        "class_3": {
            "precision": 0.8301886792452831,
            "recall": 0.8979591836734694,
            "f1": 0.8627450980392157
        }
    }
}