{
    "num_epochs": 50,
    "dataset": "lm",
    "accuracy": 0.6890595009596929,
    "f1": 0.6871691450195012,
    "class_0": {
        "precision": 0.6644518272425249,
        "recall": 0.7662835249042146,
        "f1": 0.7117437722419929
    },
    "class_1": {
        "precision": 0.7227272727272728,
        "recall": 0.6115384615384616,
        "f1": 0.6625
    }
}