{
    "seed": 2,
    "num_epochs": 50,
    "dataset": "type_four",
    "accuracy": 0.6510638297872341,
    "f1": 0.6471632277955962,
    "class_metrics": {
        "class_0": {
            "precision": 0.5591397849462365,
            "recall": 0.7123287671232876,
            "f1": 0.6265060240963856
        },
        "class_1": {
            "precision": 0.5666666666666667,
            "recall": 0.3695652173913043,
            "f1": 0.4473684210526316
        },
        "class_2": {
            "precision": 0.8387096774193549,
            "recall": 0.6933333333333334,
            "f1": 0.7591240875912408
        },
        "class_3": {
            "precision": 0.64,
            "recall": 0.7804878048780488,
            "f1": 0.7032967032967034
        }
    }
}