{
    "seed": 0,
    "num_epochs": 50,
    "dataset": "type_four",
    "accuracy": 0.7805907172995781,
    "f1": 0.7801814161096184,
    "class_metrics": {
        "class_0": {
            "precision": 0.7313432835820896,
            "recall": 0.6621621621621622,
            "f1": 0.6950354609929078
        },
        "class_1": {
            "precision": 0.6909090909090909,
            "recall": 0.8260869565217391,
            "f1": 0.7524752475247525
        },
        "class_2": {
            "precision": 0.7910447761194029,
            "recall": 0.7794117647058824,
            "f1": 0.7851851851851852
        },
        "class_3": {
            "precision": 0.9375,
            "recall": 0.9183673469387755,
            "f1": 0.9278350515463918
        }
    }
}