{
    "seed": 0,
    "num_epochs": 50,
    "dataset": "type_four",
    "accuracy": 0.7341772151898734,
    "f1": 0.7346493465081073,
    "class_metrics": {
        "class_0": {
            "precision": 0.6376811594202898,
            "recall": 0.5945945945945946,
            "f1": 0.6153846153846154
        },
        "class_1": {
            "precision": 0.64,
            "recall": 0.6956521739130435,
            "f1": 0.6666666666666666
        },
        "class_2": {
            "precision": 0.7361111111111112,
            "recall": 0.7794117647058824,
            "f1": 0.7571428571428571
        },
        "class_3": {
            "precision": 0.9782608695652174,
            "recall": 0.9183673469387755,
            "f1": 0.9473684210526315
        }
    }
}