{
    "num_epochs": 50,
    "dataset": "lm",
    "accuracy": 0.7370441458733206,
    "f1": 0.736595788367862,
    "class_0": {
        "precision": 0.7573221757322176,
        "recall": 0.6961538461538461,
        "f1": 0.7254509018036072
    },
    "class_1": {
        "precision": 0.7198581560283688,
        "recall": 0.7777777777777778,
        "f1": 0.7476979742173112
    }
}