{
    "num_epochs": 50,
    "dataset": "lm",
    "accuracy": 0.6583493282149712,
    "f1": 0.6580470003241816,
    "class_0": {
        "precision": 0.6485507246376812,
        "recall": 0.6884615384615385,
        "f1": 0.667910447761194
    },
    "class_1": {
        "precision": 0.6693877551020408,
        "recall": 0.6283524904214559,
        "f1": 0.6482213438735178
    }
}