{
    "num_epochs": 50,
    "dataset": "lm",
    "accuracy": 0.7504798464491362,
    "f1": 0.7504982329962485,
    "class_0": {
        "precision": 0.7586206896551724,
        "recall": 0.7471698113207547,
        "f1": 0.752851711026616
    },
    "class_1": {
        "precision": 0.7423076923076923,
        "recall": 0.75390625,
        "f1": 0.748062015503876
    }
}