{
    "num_epochs": 50,
    "dataset": "lm",
    "accuracy": 0.6449136276391555,
    "f1": 0.6426696584355607,
    "class_0": {
        "precision": 0.6324503311258278,
        "recall": 0.720754716981132,
        "f1": 0.673721340388007
    },
    "class_1": {
        "precision": 0.6621004566210046,
        "recall": 0.56640625,
        "f1": 0.6105263157894737
    }
}