{
    "num_epochs": 5,
    "dataset": "lm",
    "accuracy": 0.5950095969289827,
    "f1": 0.5877844629242629,
    "class_0": {
        "precision": 0.5636363636363636,
        "recall": 0.7351778656126482,
        "f1": 0.6380789022298456
    },
    "class_1": {
        "precision": 0.6492146596858639,
        "recall": 0.4626865671641791,
        "f1": 0.5403050108932462
    }
}