{
    "num_epochs": 50,
    "dataset": "lm",
    "accuracy": 0.5796545105566219,
    "f1": 0.5792329017909137,
    "class_0": {
        "precision": 0.5740072202166066,
        "recall": 0.6115384615384616,
        "f1": 0.5921787709497207
    },
    "class_1": {
        "precision": 0.5860655737704918,
        "recall": 0.5478927203065134,
        "f1": 0.5663366336633663
    }
}