{
    "num_epochs": 50,
    "dataset": "lm",
    "accuracy": 0.7044145873320538,
    "f1": 0.7018305221722447,
    "class_0": {
        "precision": 0.75,
        "recall": 0.6115384615384616,
        "f1": 0.673728813559322
    },
    "class_1": {
        "precision": 0.6731391585760518,
        "recall": 0.7969348659003831,
        "f1": 0.7298245614035088
    }
}