{
    "num_epochs": 60,
    "dataset": "lm",
    "accuracy": 0.6122840690978887,
    "f1": 0.6013363612603414,
    "class_0": {
        "precision": 0.579250720461095,
        "recall": 0.7821011673151751,
        "f1": 0.6655629139072847
    },
    "class_1": {
        "precision": 0.6781609195402298,
        "recall": 0.44696969696969696,
        "f1": 0.5388127853881278
    }
}