{
    "num_epochs": 50,
    "dataset": "lm",
    "accuracy": 0.5930902111324377,
    "f1": 0.59298526637892,
    "class_0": {
        "precision": 0.6055776892430279,
        "recall": 0.5735849056603773,
        "f1": 0.5891472868217055
    },
    "class_1": {
        "precision": 0.5814814814814815,
        "recall": 0.61328125,
        "f1": 0.596958174904943
    }
}