{
    "num_epochs": 50,
    "dataset": "lm",
    "accuracy": 0.5969289827255279,
    "f1": 0.592083860550886,
    "class_0": {
        "precision": 0.5660377358490566,
        "recall": 0.7142857142857143,
        "f1": 0.631578947368421
    },
    "class_1": {
        "precision": 0.645320197044335,
        "recall": 0.48698884758364314,
        "f1": 0.5550847457627118
    }
}