{
    "num_epochs": 50,
    "dataset": "lm",
    "accuracy": 0.6583493282149712,
    "f1": 0.6580316309113187,
    "class_0": {
        "precision": 0.6570397111913358,
        "recall": 0.6867924528301886,
        "f1": 0.6715867158671587
    },
    "class_1": {
        "precision": 0.6598360655737705,
        "recall": 0.62890625,
        "f1": 0.644
    }
}