{
    "seed": 2,
    "num_epochs": 50,
    "dataset": "type_four",
    "accuracy": 0.679324894514768,
    "f1": 0.6872816671733273,
    "class_metrics": {
        "class_0": {
            "precision": 0.5434782608695652,
            "recall": 0.7142857142857143,
            "f1": 0.6172839506172839
        },
        "class_1": {
            "precision": 0.5208333333333334,
            "recall": 0.5813953488372093,
            "f1": 0.5494505494505495
        },
        "class_2": {
            "precision": 0.84,
            "recall": 0.6,
            "f1": 0.7
        },
        "class_3": {
            "precision": 0.9361702127659575,
            "recall": 0.8148148148148148,
            "f1": 0.8712871287128713
        }
    }
}