{
    "num_epochs": 50,
    "dataset": "lm",
    "accuracy": 0.5067178502879078,
    "f1": 0.34082423560766284,
    "class_0": {
        "precision": 0.0,
        "recall": 0.0,
        "f1": 0.0
    },
    "class_1": {
        "precision": 0.5067178502879078,
        "recall": 1.0,
        "f1": 0.6726114649681528
    }
}