{
    "num_epochs": 50,
    "dataset": "lm",
    "accuracy": 0.6564299424184261,
    "f1": 0.6539058010703565,
    "class_0": {
        "precision": 0.6327868852459017,
        "recall": 0.7423076923076923,
        "f1": 0.6831858407079646
    },
    "class_1": {
        "precision": 0.6898148148148148,
        "recall": 0.5708812260536399,
        "f1": 0.6247379454926625
    }
}