{
    "num_epochs": 50,
    "dataset": "lm",
    "accuracy": 0.6065259117082533,
    "f1": 0.6062503909547533,
    "class_0": {
        "precision": 0.6219512195121951,
        "recall": 0.5773584905660377,
        "f1": 0.598825831702544
    },
    "class_1": {
        "precision": 0.5927272727272728,
        "recall": 0.63671875,
        "f1": 0.6139359698681732
    }
}