{
    "num_epochs": 50,
    "dataset": "lm",
    "accuracy": 0.6122840690978887,
    "f1": 0.6099739814319015,
    "class_0": {
        "precision": 0.5880398671096345,
        "recall": 0.6941176470588235,
        "f1": 0.6366906474820144
    },
    "class_1": {
        "precision": 0.6454545454545455,
        "recall": 0.5338345864661654,
        "f1": 0.5843621399176955
    }
}