{
    "num_epochs": 50,
    "dataset": "lm",
    "accuracy": 0.6641074856046065,
    "f1": 0.6637087413341671,
    "class_0": {
        "precision": 0.6859504132231405,
        "recall": 0.6264150943396226,
        "f1": 0.6548323471400395
    },
    "class_1": {
        "precision": 0.6451612903225806,
        "recall": 0.703125,
        "f1": 0.6728971962616822
    }
}