{
    "seed": 4,
    "num_epochs": 50,
    "dataset": "type_four",
    "accuracy": 0.6666666666666666,
    "f1": 0.6715894402745289,
    "class_metrics": {
        "class_0": {
            "precision": 0.47368421052631576,
            "recall": 0.5454545454545454,
            "f1": 0.5070422535211268
        },
        "class_1": {
            "precision": 0.675,
            "recall": 0.6,
            "f1": 0.6352941176470588
        },
        "class_2": {
            "precision": 0.7195121951219512,
            "recall": 0.7108433734939759,
            "f1": 0.7151515151515152
        },
        "class_3": {
            "precision": 0.9230769230769231,
            "recall": 0.8372093023255814,
            "f1": 0.8780487804878049
        }
    }
}