{
    "seed": 3,
    "num_epochs": 80,
    "dataset": "type_four",
    "accuracy": 0.6382978723404256,
    "f1": 0.6427321850726107,
    "class_metrics": {
        "class_0": {
            "precision": 0.647887323943662,
            "recall": 0.6301369863013698,
            "f1": 0.6388888888888888
        },
        "class_1": {
            "precision": 0.5789473684210527,
            "recall": 0.6226415094339622,
            "f1": 0.6
        },
        "class_2": {
            "precision": 0.8070175438596491,
            "recall": 0.6666666666666666,
            "f1": 0.7301587301587301
        },
        "class_3": {
            "precision": 0.5,
            "recall": 0.625,
            "f1": 0.5555555555555556
        }
    }
}