{
    "seed": 8,
    "dataset_type": "four_dawn",
    "alpha": 0.2,
    "beta": 0.2,
    "caption_rate": 0.09,
    "num_epoch": 50,
    "remarks": "no FSR",
    "results": {
        "accuracy": 0.7804878048780488,
        "f1": 0.7867032577518427,
        "class_names": [
            "accident",
            "dense traffic",
            "fire",
            "sparse traffic"
        ],
        "class_precision": [
            0.609375,
            0.8620689655172413,
            0.8194444444444444,
            0.925
        ],
        "class_recall": [
            0.7222222222222222,
            0.6410256410256411,
            0.8082191780821918,
            0.9487179487179487
        ],
        "class_f1": [
            0.6610169491525424,
            0.7352941176470589,
            0.8137931034482758,
            0.9367088607594937
        ]
    },
    "k": 2
}