{
    "seed": 8,
    "dataset_type": "four_dawn",
    "alpha": 0.2,
    "beta": 0.2,
    "caption_rate": 0.09,
    "num_epoch": 50,
    "remarks": "no FSR",
    "results": {
        "accuracy": 0.8019323671497585,
        "f1": 0.8073381293911894,
        "class_names": [
            "accident",
            "dense traffic",
            "fire",
            "sparse traffic"
        ],
        "class_precision": [
            0.7142857142857143,
            0.7878787878787878,
            0.8431372549019608,
            0.9487179487179487
        ],
        "class_recall": [
            0.8450704225352113,
            0.6341463414634146,
            0.7678571428571429,
            0.9487179487179487
        ],
        "class_f1": [
            0.7741935483870968,
            0.7027027027027027,
            0.8037383177570093,
            0.9487179487179487
        ]
    },
    "k": 5
}