{
    "seed": 8,
    "dataset_type": "four_dawn",
    "alpha": 0.2,
    "beta": 0.2,
    "caption_rate": 0.09,
    "num_epoch": 50,
    "remarks": "no FSR",
    "results": {
        "accuracy": 0.7853658536585366,
        "f1": 0.7901991301555725,
        "class_names": [
            "accident",
            "dense traffic",
            "fire",
            "sparse traffic"
        ],
        "class_precision": [
            0.6617647058823529,
            0.7,
            0.9259259259259259,
            0.8837209302325582
        ],
        "class_recall": [
            0.8333333333333334,
            0.717948717948718,
            0.684931506849315,
            0.9743589743589743
        ],
        "class_f1": [
            0.7377049180327869,
            0.7088607594936709,
            0.7874015748031497,
            0.926829268292683
        ]
    },
    "k": 2
}