{
    "seed": 8,
    "dataset_type": "four_dawn",
    "alpha": 0.2,
    "beta": 0.2,
    "caption_rate": 0.09,
    "num_epoch": 50,
    "remarks": "no FSR",
    "results": {
        "accuracy": 0.8,
        "f1": 0.7970954913176268,
        "class_names": [
            "accident",
            "dense traffic",
            "fire",
            "sparse traffic"
        ],
        "class_precision": [
            0.6206896551724138,
            0.7027027027027027,
            0.9375,
            0.9130434782608695
        ],
        "class_recall": [
            0.7058823529411765,
            0.7428571428571429,
            0.7792207792207793,
            1.0
        ],
        "class_f1": [
            0.6605504587155964,
            0.7222222222222222,
            0.851063829787234,
            0.9545454545454546
        ]
    },
    "k": 3
}