{
    "seed": 8,
    "dataset_type": "four_dawn",
    "alpha": 0.2,
    "beta": 0.2,
    "caption_rate": 0.09,
    "num_epoch": 50,
    "remarks": "no FSR",
    "results": {
        "accuracy": 0.7922705314009661,
        "f1": 0.7952087892992639,
        "class_names": [
            "accident",
            "dense traffic",
            "fire",
            "sparse traffic"
        ],
        "class_precision": [
            0.7466666666666667,
            0.8055555555555556,
            0.8571428571428571,
            0.7872340425531915
        ],
        "class_recall": [
            0.7887323943661971,
            0.7073170731707317,
            0.75,
            0.9487179487179487
        ],
        "class_f1": [
            0.7671232876712328,
            0.7532467532467533,
            0.8,
            0.8604651162790697
        ]
    },
    "k": 5
}