{
    "seed": 8,
    "dataset_type": "four_dawn",
    "alpha": 0.2,
    "beta": 0.2,
    "caption_rate": 0.09,
    "num_epoch": 50,
    "remarks": "no FSR",
    "results": {
        "accuracy": 0.8048780487804879,
        "f1": 0.7955375229274376,
        "class_names": [
            "accident",
            "dense traffic",
            "fire",
            "sparse traffic"
        ],
        "class_precision": [
            0.639344262295082,
            0.6666666666666666,
            0.96875,
            0.9090909090909091
        ],
        "class_recall": [
            0.7647058823529411,
            0.6857142857142857,
            0.8051948051948052,
            0.9523809523809523
        ],
        "class_f1": [
            0.6964285714285714,
            0.676056338028169,
            0.8794326241134752,
            0.9302325581395349
        ]
    },
    "k": 3
}