{
    "seed": 8,
    "dataset_type": "four_dawn",
    "alpha": 0.2,
    "beta": 0.2,
    "caption_rate": 0.09,
    "num_epoch": 50,
    "remarks": "no FSR",
    "results": {
        "accuracy": 0.7902439024390244,
        "f1": 0.7953941052227342,
        "class_names": [
            "accident",
            "dense traffic",
            "fire",
            "sparse traffic"
        ],
        "class_precision": [
            0.6865671641791045,
            0.7209302325581395,
            0.8936170212765957,
            0.8958333333333334
        ],
        "class_recall": [
            0.7540983606557377,
            0.7560975609756098,
            0.7241379310344828,
            0.9555555555555556
        ],
        "class_f1": [
            0.71875,
            0.7380952380952381,
            0.8,
            0.9247311827956989
        ]
    },
    "k": 1
}