{
    "seed": 8,
    "dataset_type": "four_dawn",
    "alpha": 0.2,
    "beta": 0.2,
    "caption_rate": 0.09,
    "num_epoch": 50,
    "remarks": "no FSR",
    "results": {
        "accuracy": 0.7804878048780488,
        "f1": 0.7835763936213711,
        "class_names": [
            "accident",
            "dense traffic",
            "fire",
            "sparse traffic"
        ],
        "class_precision": [
            0.7346938775510204,
            0.6470588235294118,
            0.8275862068965517,
            0.9148936170212766
        ],
        "class_recall": [
            0.5901639344262295,
            0.8048780487804879,
            0.8275862068965517,
            0.9555555555555556
        ],
        "class_f1": [
            0.6545454545454545,
            0.717391304347826,
            0.8275862068965517,
            0.9347826086956522
        ]
    },
    "k": 1
}