{
    "seed": 8,
    "dataset_type": "four_dawn",
    "alpha": 0.2,
    "beta": 0.2,
    "caption_rate": 0.09,
    "num_epoch": 50,
    "remarks": "no FSR",
    "results": {
        "accuracy": 0.7804878048780488,
        "f1": 0.7855360806180479,
        "class_names": [
            "accident",
            "dense traffic",
            "fire",
            "sparse traffic"
        ],
        "class_precision": [
            0.7627118644067796,
            0.6727272727272727,
            0.8653846153846154,
            0.8461538461538461
        ],
        "class_recall": [
            0.7142857142857143,
            0.8409090909090909,
            0.7627118644067796,
            0.8461538461538461
        ],
        "class_f1": [
            0.7377049180327869,
            0.7474747474747475,
            0.8108108108108109,
            0.8461538461538461
        ]
    },
    "k": 4
}