{
    "seed": 8,
    "dataset_type": "four_dawn",
    "alpha": 0.2,
    "beta": 0.2,
    "caption_rate": 0.09,
    "num_epoch": 50,
    "remarks": "no FSR",
    "results": {
        "accuracy": 0.7804878048780488,
        "f1": 0.7860252662555207,
        "class_names": [
            "accident",
            "dense traffic",
            "fire",
            "sparse traffic"
        ],
        "class_precision": [
            0.6911764705882353,
            0.7209302325581395,
            0.8727272727272727,
            0.8717948717948718
        ],
        "class_recall": [
            0.746031746031746,
            0.7045454545454546,
            0.8135593220338984,
            0.8717948717948718
        ],
        "class_f1": [
            0.7175572519083969,
            0.7126436781609196,
            0.8421052631578947,
            0.8717948717948718
        ]
    },
    "k": 4
}