{
    "seed": 8,
    "dataset_type": "four_dawn",
    "alpha": 0.2,
    "beta": 0.2,
    "caption_rate": 0.09,
    "num_epoch": 50,
    "remarks": "no FSR",
    "results": {
        "accuracy": 0.7916059856250737,
        "f1": 0.7941996563097449,
        "class_names": [
            "Fog",
            "Rain",
            "Sand",
            "Snow"
        ],
        "class_precision": [
            6.188057679333992,
            6.306452998514978,
            9.272595444888756,
            7.277997829855498
        ],
        "class_recall": [
            7.640217144863541,
            4.5058751817288405,
            7.082975297922099,
            8.941221001220999
        ],
        "class_f1": [
            6.608600662175773,
            4.9986982802978615,
            7.965361884262334,
            7.853670796725592
        ]
    },
    "k": "average"
}