{
    "seed": 8,
    "dataset_type": "four_dawn",
    "alpha": 0.2,
    "beta": 0.2,
    "caption_rate": 0.09,
    "num_epoch": 50,
    "remarks": "no FSR",
    "results": {
        "accuracy": 0.7877223989631201,
        "f1": 0.7903231770023764,
        "class_names": [
            "Fog",
            "Rain",
            "Sand",
            "Snow"
        ],
        "class_precision": [
            5.473368556893763,
            5.494495292879825,
            8.03428038209091,
            6.388411867218617
        ],
        "class_recall": [
            6.719695119896135,
            4.327613037369135,
            6.157869374166821,
            7.747423687423686
        ],
        "class_f1": [
            5.928559248894172,
            4.561792780276086,
            6.928528912607182,
            6.892009219171051
        ]
    },
    "k": "average"
}