{
    "seed": 2,
    "dataset_type": "four_dawn",
    "alpha": 0.2,
    "beta": 0.2,
    "caption_rate": 0.1,
    "num_epoch": 50,
    "remarks": "no FSR",
    "results": {
        "accuracy": 0.8146341463414634,
        "f1": 0.8205356829225455,
        "class_names": [
            "accident",
            "dense traffic",
            "fire",
            "sparse traffic"
        ],
        "class_precision": [
            0.6833333333333333,
            0.8,
            0.8870967741935484,
            0.9210526315789473
        ],
        "class_recall": [
            0.7321428571428571,
            0.75,
            0.873015873015873,
            0.9210526315789473
        ],
        "class_f1": [
            0.7068965517241379,
            0.7741935483870968,
            0.88,
            0.9210526315789473
        ]
    },
    "k": 4
}