{
    "seed": 2,
    "dataset_type": "four_dawn",
    "alpha": 0.2,
    "beta": 0.2,
    "caption_rate": 0.1,
    "num_epoch": 50,
    "remarks": "no FSR",
    "results": {
        "accuracy": 0.8195121951219512,
        "f1": 0.8163213123935882,
        "class_names": [
            "accident",
            "dense traffic",
            "fire",
            "sparse traffic"
        ],
        "class_precision": [
            0.8444444444444444,
            0.7037037037037037,
            0.9333333333333333,
            0.782608695652174
        ],
        "class_recall": [
            0.6785714285714286,
            0.7916666666666666,
            0.8888888888888888,
            0.9473684210526315
        ],
        "class_f1": [
            0.7524752475247525,
            0.7450980392156863,
            0.9105691056910569,
            0.8571428571428571
        ]
    },
    "k": 4
}