{
    "seed": 2,
    "dataset_type": "four_dawn",
    "alpha": 0.2,
    "beta": 0.2,
    "caption_rate": 0.004,
    "num_epoch": 50,
    "remarks": "no FSR",
    "results": {
        "accuracy": 0.7922705314009661,
        "f1": 0.7941103489173212,
        "class_names": [
            "accident",
            "dense traffic",
            "fire",
            "sparse traffic"
        ],
        "class_precision": [
            0.84,
            0.66,
            0.8035714285714286,
            0.8627450980392157
        ],
        "class_recall": [
            0.6666666666666666,
            0.868421052631579,
            0.75,
            0.9565217391304348
        ],
        "class_f1": [
            0.7433628318584071,
            0.75,
            0.7758620689655172,
            0.9072164948453608
        ]
    },
    "k": 5
}