{
    "seed": 2,
    "dataset_type": "four_dawn",
    "alpha": 0.2,
    "beta": 0.2,
    "caption_rate": 0.004,
    "num_epoch": 50,
    "remarks": "no FSR",
    "results": {
        "accuracy": 0.7965028867679982,
        "f1": 0.7948202114106009,
        "class_names": [
            "Fog",
            "Rain",
            "Sand",
            "Snow"
        ],
        "class_precision": [
            8.732777030137317,
            7.013356170746663,
            10.779698005080323,
            8.663415628792583
        ],
        "class_recall": [
            7.630258900861863,
            7.918410931174094,
            8.675811741363209,
            11.240637414224922
        ],
        "class_f1": [
            8.044578319873311,
            7.274270472218897,
            9.577343456832384,
            9.654639098590625
        ]
    },
    "k": "average"
}