{
    "seed": 2,
    "dataset_type": "four_dawn",
    "alpha": 0.2,
    "beta": 0.2,
    "caption_rate": 0.08,
    "num_epoch": 50,
    "remarks": "no FSR",
    "results": {
        "accuracy": 0.7951219512195122,
        "f1": 0.7944209479045544,
        "class_names": [
            "accident",
            "dense traffic",
            "fire",
            "sparse traffic"
        ],
        "class_precision": [
            0.5974025974025974,
            0.8,
            0.9629629629629629,
            0.9318181818181818
        ],
        "class_recall": [
            0.8679245283018868,
            0.6,
            0.7647058823529411,
            0.9318181818181818
        ],
        "class_f1": [
            0.7076923076923077,
            0.6857142857142857,
            0.8524590163934426,
            0.9318181818181818
        ]
    },
    "k": 3
}