{
    "seed": 2,
    "dataset_type": "four_dawn",
    "alpha": 0.2,
    "beta": 0.2,
    "caption_rate": 0.08,
    "num_epoch": 50,
    "remarks": "no FSR",
    "results": {
        "accuracy": 0.7922705314009661,
        "f1": 0.7979943310366104,
        "class_names": [
            "accident",
            "dense traffic",
            "fire",
            "sparse traffic"
        ],
        "class_precision": [
            0.6923076923076923,
            0.6595744680851063,
            0.92,
            0.9333333333333333
        ],
        "class_recall": [
            0.7142857142857143,
            0.8157894736842105,
            0.7666666666666667,
            0.9130434782608695
        ],
        "class_f1": [
            0.703125,
            0.7294117647058823,
            0.8363636363636363,
            0.9230769230769231
        ]
    },
    "k": 5
}