{
    "seed": 2,
    "dataset_type": "four_dawn",
    "alpha": 0.2,
    "beta": 0.2,
    "caption_rate": 0.004,
    "num_epoch": 50,
    "remarks": "no FSR",
    "results": {
        "accuracy": 0.8177339901477833,
        "f1": 0.8233073291151376,
        "class_names": [
            "accident",
            "dense traffic",
            "fire",
            "sparse traffic"
        ],
        "class_precision": [
            0.7049180327868853,
            0.7,
            0.9622641509433962,
            0.9487179487179487
        ],
        "class_recall": [
            0.8113207547169812,
            0.875,
            0.7391304347826086,
            0.9024390243902439
        ],
        "class_f1": [
            0.7543859649122807,
            0.7777777777777778,
            0.8360655737704918,
            0.925
        ]
    },
    "k": 2
}