{
    "seed": 2,
    "dataset_type": "four_dawn",
    "alpha": 0.2,
    "beta": 0.2,
    "caption_rate": 0.04,
    "num_epoch": 50,
    "remarks": "no FSR",
    "results": {
        "accuracy": 0.7621359223300971,
        "f1": 0.7573633627348892,
        "class_names": [
            "accident",
            "dense traffic",
            "fire",
            "sparse traffic"
        ],
        "class_precision": [
            0.676056338028169,
            0.6774193548387096,
            0.8548387096774194,
            0.8333333333333334
        ],
        "class_recall": [
            0.7384615384615385,
            0.5833333333333334,
            0.7910447761194029,
            0.9210526315789473
        ],
        "class_f1": [
            0.7058823529411765,
            0.6268656716417911,
            0.8217054263565892,
            0.875
        ]
    },
    "k": 5
}