{
    "seed": 2,
    "dataset_type": "four_dawn",
    "alpha": 0.2,
    "beta": 0.2,
    "caption_rate": 0.004,
    "num_epoch": 50,
    "remarks": "no FSR",
    "results": {
        "accuracy": 0.8029556650246306,
        "f1": 0.8046110812533023,
        "class_names": [
            "accident",
            "dense traffic",
            "fire",
            "sparse traffic"
        ],
        "class_precision": [
            0.8051948051948052,
            0.6511627906976745,
            0.9333333333333333,
            0.8157894736842105
        ],
        "class_recall": [
            0.8051948051948052,
            0.7,
            0.7636363636363637,
            1.0
        ],
        "class_f1": [
            0.8051948051948052,
            0.6746987951807228,
            0.84,
            0.8985507246376812
        ]
    },
    "k": 4
}