{
    "seed": 2,
    "dataset_type": "four_dawn",
    "alpha": 0.2,
    "beta": 0.2,
    "caption_rate": 0.09,
    "num_epoch": 50,
    "remarks": "no FSR",
    "results": {
        "accuracy": 0.751219512195122,
        "f1": 0.736381360567987,
        "class_names": [
            "accident",
            "dense traffic",
            "fire",
            "sparse traffic"
        ],
        "class_precision": [
            0.6222222222222222,
            0.5609756097560976,
            0.8428571428571429,
            0.8979591836734694
        ],
        "class_recall": [
            0.49122807017543857,
            0.6571428571428571,
            0.8676470588235294,
            0.9777777777777777
        ],
        "class_f1": [
            0.5490196078431373,
            0.6052631578947368,
            0.855072463768116,
            0.9361702127659575
        ]
    },
    "k": 2
}