{
    "seed": 2,
    "dataset_type": "four_dawn",
    "alpha": 0.2,
    "beta": 0.2,
    "caption_rate": 0.04,
    "num_epoch": 50,
    "remarks": "no FSR",
    "results": {
        "accuracy": 0.6748768472906403,
        "f1": 0.6378503647929004,
        "class_names": [
            "accident",
            "dense traffic",
            "fire",
            "sparse traffic"
        ],
        "class_precision": [
            0.6136363636363636,
            0.8125,
            0.7121212121212122,
            0.6493506493506493
        ],
        "class_recall": [
            0.6585365853658537,
            0.2653061224489796,
            0.8245614035087719,
            0.8928571428571429
        ],
        "class_f1": [
            0.6352941176470588,
            0.4,
            0.7642276422764228,
            0.7518796992481203
        ]
    },
    "k": 1
}