{
    "seed": 2,
    "dataset_type": "four_dawn",
    "alpha": 0.2,
    "beta": 0.2,
    "caption_rate": 0.09,
    "num_epoch": 50,
    "remarks": "no FSR",
    "results": {
        "accuracy": 0.8048780487804879,
        "f1": 0.8187770562770562,
        "class_names": [
            "accident",
            "dense traffic",
            "fire",
            "sparse traffic"
        ],
        "class_precision": [
            0.7681159420289855,
            0.7111111111111111,
            0.875,
            0.8857142857142857
        ],
        "class_recall": [
            0.7464788732394366,
            0.8205128205128205,
            0.765625,
            1.0
        ],
        "class_f1": [
            0.7571428571428571,
            0.7619047619047619,
            0.8166666666666667,
            0.9393939393939394
        ]
    },
    "k": 1
}