{
    "seed": 2,
    "dataset_type": "four_dawn",
    "alpha": 0.2,
    "beta": 0.2,
    "caption_rate": 0.1,
    "num_epoch": 50,
    "remarks": "no FSR",
    "results": {
        "accuracy": 0.8013997879109226,
        "f1": 0.8002434769570662,
        "class_names": [
            "Fog",
            "Rain",
            "Sand",
            "Snow"
        ],
        "class_precision": [
            8.391431305131318,
            6.680759323300416,
            10.273195353072255,
            8.482825313075384
        ],
        "class_recall": [
            7.339677000544592,
            7.729379217273954,
            8.392736928104576,
            10.764207118800016
        ],
        "class_f1": [
            7.774558682457207,
            7.007957021385936,
            9.21357947418942,
            9.352364229569442
        ]
    },
    "k": "average"
}