{
    "seed": 2,
    "dataset_type": "four_dawn",
    "alpha": 0.2,
    "beta": 0.2,
    "caption_rate": 0.004,
    "num_epoch": 50,
    "remarks": "no FSR",
    "results": {
        "accuracy": 0.7931034482758621,
        "f1": 0.7622829257034979,
        "class_names": [
            "accident",
            "dense traffic",
            "fire",
            "sparse traffic"
        ],
        "class_precision": [
            0.725,
            0.8333333333333334,
            1.0,
            0.6909090909090909
        ],
        "class_recall": [
            0.9206349206349206,
            0.42857142857142855,
            0.746268656716418,
            1.0
        ],
        "class_f1": [
            0.8111888111888111,
            0.5660377358490566,
            0.8547008547008547,
            0.8172043010752689
        ]
    },
    "k": 3
}