{
    "seed": 2,
    "dataset_type": "four_dawn",
    "alpha": 0.2,
    "beta": 0.2,
    "caption_rate": 0.004,
    "num_epoch": 50,
    "remarks": "no FSR",
    "results": {
        "accuracy": 0.8048780487804879,
        "f1": 0.8023887544531827,
        "class_names": [
            "accident",
            "dense traffic",
            "fire",
            "sparse traffic"
        ],
        "class_precision": [
            0.9230769230769231,
            0.6666666666666666,
            0.9298245614035088,
            0.7346938775510204
        ],
        "class_recall": [
            0.6428571428571429,
            0.8333333333333334,
            0.8412698412698413,
            0.9473684210526315
        ],
        "class_f1": [
            0.7578947368421053,
            0.7407407407407407,
            0.8833333333333333,
            0.8275862068965517
        ]
    },
    "k": 4
}