{
    "seed": 2,
    "dataset_type": "four_dawn",
    "alpha": 0.2,
    "beta": 0.2,
    "caption_rate": 0.004,
    "num_epoch": 50,
    "remarks": "no FSR",
    "results": {
        "accuracy": 0.8146341463414634,
        "f1": 0.8114724848107476,
        "class_names": [
            "accident",
            "dense traffic",
            "fire",
            "sparse traffic"
        ],
        "class_precision": [
            0.6764705882352942,
            0.8181818181818182,
            0.9807692307692307,
            0.8269230769230769
        ],
        "class_recall": [
            0.8679245283018868,
            0.675,
            0.75,
            0.9772727272727273
        ],
        "class_f1": [
            0.7603305785123967,
            0.7397260273972602,
            0.85,
            0.8958333333333334
        ]
    },
    "k": 3
}