{
    "seed": 2,
    "dataset_type": "four_dawn",
    "alpha": 0.2,
    "beta": 0.2,
    "caption_rate": 0.004,
    "num_epoch": 50,
    "remarks": "no FSR",
    "results": {
        "accuracy": 0.8146341463414634,
        "f1": 0.8238177432776823,
        "class_names": [
            "accident",
            "dense traffic",
            "fire",
            "sparse traffic"
        ],
        "class_precision": [
            0.7808219178082192,
            0.6956521739130435,
            0.9230769230769231,
            0.8823529411764706
        ],
        "class_recall": [
            0.8028169014084507,
            0.8205128205128205,
            0.75,
            0.967741935483871
        ],
        "class_f1": [
            0.7916666666666666,
            0.7529411764705882,
            0.8275862068965517,
            0.9230769230769231
        ]
    },
    "k": 1
}