{
    "seed": 2,
    "dataset_type": "four_dawn",
    "alpha": 0.2,
    "beta": 0.2,
    "caption_rate": 0.09,
    "num_epoch": 50,
    "remarks": "no FSR",
    "results": {
        "accuracy": 0.7658536585365854,
        "f1": 0.7554420840050617,
        "class_names": [
            "accident",
            "dense traffic",
            "fire",
            "sparse traffic"
        ],
        "class_precision": [
            0.6829268292682927,
            0.5957446808510638,
            0.8636363636363636,
            0.8627450980392157
        ],
        "class_recall": [
            0.49122807017543857,
            0.8,
            0.8382352941176471,
            0.9777777777777777
        ],
        "class_f1": [
            0.5714285714285714,
            0.6829268292682927,
            0.8507462686567164,
            0.9166666666666666
        ]
    },
    "k": 2
}