{
    "seed": 2,
    "dataset_type": "four_dawn",
    "alpha": 0.2,
    "beta": 0.2,
    "caption_rate": 0.004,
    "num_epoch": 50,
    "remarks": "no FSR",
    "results": {
        "accuracy": 0.8078817733990148,
        "f1": 0.8024013440579308,
        "class_names": [
            "accident",
            "dense traffic",
            "fire",
            "sparse traffic"
        ],
        "class_precision": [
            0.66,
            0.8947368421052632,
            0.9038461538461539,
            0.7936507936507936
        ],
        "class_recall": [
            0.8048780487804879,
            0.6938775510204082,
            0.8245614035087719,
            0.8928571428571429
        ],
        "class_f1": [
            0.7252747252747253,
            0.7816091954022989,
            0.8623853211009175,
            0.8403361344537815
        ]
    },
    "k": 1
}