{
    "seed": 2,
    "dataset_type": "four_dawn",
    "alpha": 0.2,
    "beta": 0.2,
    "caption_rate": 0.09,
    "num_epoch": 50,
    "remarks": "no FSR",
    "results": {
        "accuracy": 0.8,
        "f1": 0.8111267422747875,
        "class_names": [
            "accident",
            "dense traffic",
            "fire",
            "sparse traffic"
        ],
        "class_precision": [
            0.7571428571428571,
            0.6521739130434783,
            0.9259259259259259,
            0.8857142857142857
        ],
        "class_recall": [
            0.7464788732394366,
            0.7692307692307693,
            0.78125,
            1.0
        ],
        "class_f1": [
            0.75177304964539,
            0.7058823529411765,
            0.847457627118644,
            0.9393939393939394
        ]
    },
    "k": 1
}