{
    "seed": 2,
    "dataset_type": "four_dawn",
    "alpha": 0.2,
    "beta": 0.2,
    "caption_rate": 0.1,
    "num_epoch": 50,
    "remarks": "no FSR",
    "results": {
        "accuracy": 0.7804878048780488,
        "f1": 0.7938366787543445,
        "class_names": [
            "accident",
            "dense traffic",
            "fire",
            "sparse traffic"
        ],
        "class_precision": [
            0.746268656716418,
            0.5957446808510638,
            0.8571428571428571,
            1.0
        ],
        "class_recall": [
            0.704225352112676,
            0.717948717948718,
            0.84375,
            0.9032258064516129
        ],
        "class_f1": [
            0.7246376811594203,
            0.6511627906976745,
            0.8503937007874016,
            0.9491525423728814
        ]
    },
    "k": 1
}