{
    "seed": 2,
    "dataset_type": "four_dawn",
    "alpha": 0.2,
    "beta": 0.2,
    "caption_rate": 0.08,
    "num_epoch": 50,
    "remarks": "no FSR",
    "results": {
        "accuracy": 0.7951219512195122,
        "f1": 0.7901760775111518,
        "class_names": [
            "accident",
            "dense traffic",
            "fire",
            "sparse traffic"
        ],
        "class_precision": [
            0.74,
            0.6190476190476191,
            0.8382352941176471,
            0.9555555555555556
        ],
        "class_recall": [
            0.6491228070175439,
            0.7428571428571429,
            0.8382352941176471,
            0.9555555555555556
        ],
        "class_f1": [
            0.6915887850467289,
            0.6753246753246753,
            0.8382352941176471,
            0.9555555555555556
        ]
    },
    "k": 2
}