{
    "seed": 2,
    "dataset_type": "four_dawn",
    "alpha": 0.2,
    "beta": 0.2,
    "caption_rate": 0.08,
    "num_epoch": 50,
    "remarks": "no FSR",
    "results": {
        "accuracy": 0.7955272770119006,
        "f1": 0.7993927436258413,
        "class_names": [
            "Fog",
            "Rain",
            "Sand",
            "Snow"
        ],
        "class_precision": [
            5.392149118294835,
            4.946896967161403,
            7.5028063324172765,
            6.435911916217442
        ],
        "class_recall": [
            5.299868503751186,
            4.849100154231732,
            6.369491713352009,
            7.757892507417125
        ],
        "class_f1": [
            5.166505790773185,
            4.807577662238876,
            6.845039503748778,
            6.815947242478726
        ]
    },
    "k": "average"
}