{
    "seed": 2,
    "dataset_type": "four_dawn",
    "alpha": 0.2,
    "beta": 0.2,
    "caption_rate": 0.004,
    "num_epoch": 50,
    "remarks": "no FSR",
    "results": {
        "accuracy": 0.7560975609756098,
        "f1": 0.7423117255940705,
        "class_names": [
            "accident",
            "dense traffic",
            "fire",
            "sparse traffic"
        ],
        "class_precision": [
            0.675,
            0.5952380952380952,
            0.8082191780821918,
            0.88
        ],
        "class_recall": [
            0.47368421052631576,
            0.7142857142857143,
            0.8676470588235294,
            0.9777777777777777
        ],
        "class_f1": [
            0.5567010309278351,
            0.6493506493506493,
            0.8368794326241135,
            0.9263157894736842
        ]
    },
    "k": 2
}