{
    "seed": 2,
    "dataset_type": "four_dawn",
    "alpha": 0.2,
    "beta": 0.2,
    "caption_rate": 0.1,
    "num_epoch": 50,
    "remarks": "no FSR",
    "results": {
        "accuracy": 0.782608695652174,
        "f1": 0.7828140144506124,
        "class_names": [
            "accident",
            "dense traffic",
            "fire",
            "sparse traffic"
        ],
        "class_precision": [
            0.7719298245614035,
            0.6904761904761905,
            0.8070175438596491,
            0.8431372549019608
        ],
        "class_recall": [
            0.6984126984126984,
            0.7631578947368421,
            0.7666666666666667,
            0.9347826086956522
        ],
        "class_f1": [
            0.7333333333333333,
            0.725,
            0.7863247863247863,
            0.8865979381443299
        ]
    },
    "k": 5
}