{
    "seed": 2,
    "dataset_type": "four_dawn",
    "alpha": 0.2,
    "beta": 0.2,
    "caption_rate": 0.004,
    "num_epoch": 50,
    "remarks": "no FSR",
    "results": {
        "accuracy": 0.7967621598354776,
        "f1": 0.7899932085729515,
        "class_names": [
            "Fog",
            "Rain",
            "Sand",
            "Snow"
        ],
        "class_precision": [
            8.018850168596336,
            8.006591137432599,
            11.476426484060749,
            9.426407661719523
        ],
        "class_recall": [
            9.7805842692359,
            5.966916099773243,
            9.209584198831102,
            10.233051353797554
        ],
        "class_f1": [
            8.660556174410893,
            6.446469997539337,
            10.186986263780069,
            9.112819908987701
        ]
    },
    "k": "average"
}