{
    "seed": 2,
    "dataset_type": "four_dawn",
    "alpha": 0.2,
    "beta": 0.2,
    "caption_rate": 0.1,
    "num_epoch": 50,
    "remarks": "no FSR",
    "results": {
        "accuracy": 0.8097560975609757,
        "f1": 0.8086352098707325,
        "class_names": [
            "accident",
            "dense traffic",
            "fire",
            "sparse traffic"
        ],
        "class_precision": [
            0.7708333333333334,
            0.72,
            0.9285714285714286,
            0.803921568627451
        ],
        "class_recall": [
            0.6981132075471698,
            0.9,
            0.7647058823529411,
            0.9318181818181818
        ],
        "class_f1": [
            0.7326732673267327,
            0.8,
            0.8387096774193549,
            0.8631578947368421
        ]
    },
    "k": 3
}