{
    "seed": 2,
    "dataset_type": "four_dawn",
    "alpha": 0.2,
    "beta": 0.2,
    "caption_rate": 0.09,
    "num_epoch": 50,
    "remarks": "no FSR",
    "results": {
        "accuracy": 0.8292682926829268,
        "f1": 0.8380047640653357,
        "class_names": [
            "accident",
            "dense traffic",
            "fire",
            "sparse traffic"
        ],
        "class_precision": [
            0.7972972972972973,
            0.6875,
            0.96,
            0.9090909090909091
        ],
        "class_recall": [
            0.8309859154929577,
            0.8461538461538461,
            0.75,
            0.967741935483871
        ],
        "class_f1": [
            0.8137931034482758,
            0.7586206896551724,
            0.8421052631578947,
            0.9375
        ]
    },
    "k": 1
}