{
    "seed": 6,
    "dataset_type": "four_dawn",
    "alpha": 0.2,
    "beta": 0.2,
    "caption_rate": 0.09,
    "num_epoch": 50,
    "remarks": "no FSR",
    "results": {
        "accuracy": 0.7609756097560976,
        "f1": 0.7525054929733213,
        "class_names": [
            "accident",
            "dense traffic",
            "fire",
            "sparse traffic"
        ],
        "class_precision": [
            0.5813953488372093,
            0.7446808510638298,
            0.8333333333333334,
            0.8372093023255814
        ],
        "class_recall": [
            0.5434782608695652,
            0.7291666666666666,
            0.8333333333333334,
            0.9230769230769231
        ],
        "class_f1": [
            0.5617977528089888,
            0.7368421052631579,
            0.8333333333333334,
            0.8780487804878049
        ]
    },
    "k": 3
}