{
    "seed": 6,
    "dataset_type": "four_dawn",
    "alpha": 0.2,
    "beta": 0.2,
    "caption_rate": 0.09,
    "num_epoch": 50,
    "remarks": "no FSR",
    "results": {
        "accuracy": 0.7853658536585366,
        "f1": 0.7814941033133607,
        "class_names": [
            "accident",
            "dense traffic",
            "fire",
            "sparse traffic"
        ],
        "class_precision": [
            0.78125,
            0.627906976744186,
            0.9464285714285714,
            0.7380952380952381
        ],
        "class_recall": [
            0.7142857142857143,
            0.6923076923076923,
            0.828125,
            0.96875
        ],
        "class_f1": [
            0.746268656716418,
            0.6585365853658537,
            0.8833333333333333,
            0.8378378378378378
        ]
    },
    "k": 1
}