{
    "seed": 6,
    "dataset_type": "four_dawn",
    "alpha": 0.2,
    "beta": 0.2,
    "caption_rate": 0.09,
    "num_epoch": 50,
    "remarks": "no FSR",
    "results": {
        "accuracy": 0.7874396135265701,
        "f1": 0.7796055922368949,
        "class_names": [
            "accident",
            "dense traffic",
            "fire",
            "sparse traffic"
        ],
        "class_precision": [
            0.7727272727272727,
            0.5686274509803921,
            0.890625,
            0.8958333333333334
        ],
        "class_recall": [
            0.6296296296296297,
            0.8787878787878788,
            0.7916666666666666,
            0.8958333333333334
        ],
        "class_f1": [
            0.6938775510204082,
            0.6904761904761905,
            0.8382352941176471,
            0.8958333333333334
        ]
    },
    "k": 5
}