{
    "seed": 6,
    "dataset_type": "four_dawn",
    "alpha": 0.2,
    "beta": 0.2,
    "caption_rate": 0.09,
    "num_epoch": 50,
    "remarks": "no FSR",
    "results": {
        "accuracy": 0.7867562153882408,
        "f1": 0.7813594561073054,
        "class_names": [
            "Fog",
            "Rain",
            "Sand",
            "Snow"
        ],
        "class_precision": [
            6.7651598195709735,
            6.082925999060262,
            8.684707129986952,
            7.63558372416701
        ],
        "class_recall": [
            6.348297062237281,
            5.856546620046619,
            7.740447649572649,
            9.195930880713489
        ],
        "class_f1": [
            6.222695131396371,
            5.6499718059705,
            8.081479978024271,
            8.157671957851969
        ]
    },
    "k": "average"
}