{
    "seed": 6,
    "dataset_type": "four_dawn",
    "alpha": 0.2,
    "beta": 0.2,
    "caption_rate": 0.09,
    "num_epoch": 50,
    "remarks": "no FSR",
    "results": {
        "accuracy": 0.8048780487804879,
        "f1": 0.7861893184047074,
        "class_names": [
            "accident",
            "dense traffic",
            "fire",
            "sparse traffic"
        ],
        "class_precision": [
            0.7027027027027027,
            0.6296296296296297,
            0.9444444444444444,
            0.9
        ],
        "class_recall": [
            0.8125,
            0.5666666666666667,
            0.7846153846153846,
            0.9782608695652174
        ],
        "class_f1": [
            0.7536231884057971,
            0.5964912280701754,
            0.8571428571428571,
            0.9375
        ]
    },
    "k": 2
}