{
    "seed": 6,
    "dataset_type": "four_dawn",
    "alpha": 0.2,
    "beta": 0.2,
    "caption_rate": 0.09,
    "num_epoch": 50,
    "remarks": "no FSR",
    "results": {
        "accuracy": 0.7707317073170732,
        "f1": 0.7824278965235889,
        "class_names": [
            "accident",
            "dense traffic",
            "fire",
            "sparse traffic"
        ],
        "class_precision": [
            0.7241379310344828,
            0.7608695652173914,
            0.7413793103448276,
            0.8837209302325582
        ],
        "class_recall": [
            0.6363636363636364,
            0.7,
            0.86,
            0.9743589743589743
        ],
        "class_f1": [
            0.6774193548387096,
            0.7291666666666666,
            0.7962962962962963,
            0.926829268292683
        ]
    },
    "k": 4
}