{
    "seed": 6,
    "dataset_type": "four_dawn",
    "alpha": 0.2,
    "beta": 0.2,
    "caption_rate": 0.09,
    "num_epoch": 50,
    "remarks": "no FSR",
    "results": {
        "accuracy": 0.8097560975609757,
        "f1": 0.8060689803980149,
        "class_names": [
            "accident",
            "dense traffic",
            "fire",
            "sparse traffic"
        ],
        "class_precision": [
            0.7407407407407407,
            0.6944444444444444,
            1.0,
            0.8157894736842105
        ],
        "class_recall": [
            0.8571428571428571,
            0.6410256410256411,
            0.78125,
            0.96875
        ],
        "class_f1": [
            0.7947019867549668,
            0.6666666666666666,
            0.8771929824561403,
            0.8857142857142857
        ]
    },
    "k": 1
}