{
    "seed": 4321,
    "dataset_type": "four_dawn",
    "alpha": 0.2,
    "beta": 0.2,
    "caption_rate": 0.09,
    "num_epoch": 50,
    "remarks": "no FSR",
    "results": {
        "accuracy": 0.7658536585365854,
        "f1": 0.7679329209898177,
        "class_names": [
            "accident",
            "dense traffic",
            "fire",
            "sparse traffic"
        ],
        "class_precision": [
            0.7777777777777778,
            0.5254237288135594,
            0.9482758620689655,
            0.8372093023255814
        ],
        "class_recall": [
            0.5555555555555556,
            0.8157894736842105,
            0.8088235294117647,
            1.0
        ],
        "class_f1": [
            0.6481481481481481,
            0.6391752577319587,
            0.873015873015873,
            0.9113924050632911
        ]
    },
    "k": 1
}