{
    "seed": 1234,
    "dataset_type": "four_dawn",
    "alpha": 0.2,
    "beta": 0.2,
    "caption_rate": 0.09,
    "num_epoch": 50,
    "remarks": "no FSR",
    "results": {
        "accuracy": 0.7170731707317073,
        "f1": 0.7248568632156419,
        "class_names": [
            "accident",
            "dense traffic",
            "fire",
            "sparse traffic"
        ],
        "class_precision": [
            0.7457627118644068,
            0.5660377358490566,
            0.86,
            0.6976744186046512
        ],
        "class_recall": [
            0.6111111111111112,
            0.8571428571428571,
            0.6417910447761194,
            0.967741935483871
        ],
        "class_f1": [
            0.6717557251908397,
            0.6818181818181818,
            0.7350427350427351,
            0.8108108108108109
        ]
    },
    "k": 1
}