{
    "accuracy": 0.7368055555555555,
    "precision": 0.7768626736775186,
    "recall": 0.7368055555555555,
    "f1": 0.7352595439659394,
    "class_metrics": {
        "0": {
            "precision": 0.5758345021037867,
            "recall": 0.8490655987795576,
            "f1": 0.683002183002183
        },
        "1": {
            "precision": 0.7809523809523808,
            "recall": 0.4351648351648352,
            "f1": 0.5527777777777778
        },
        "2": {
            "precision": 0.8643578643578644,
            "recall": 0.7718253968253969,
            "f1": 0.811046511627907
        },
        "3": {
            "precision": 0.8875,
            "recall": 0.7464285714285714,
            "f1": 0.8088888888888889
        }
    }
}