{
    "accuracy": 0.729015261627907,
    "precision": 0.7673470096614228,
    "recall": 0.729015261627907,
    "f1": 0.7402230637995605,
    "class_metrics": {
        "0": {
            "precision": 0.6105769230769231,
            "recall": 0.6857188219417321,
            "f1": 0.6440817869389297
        },
        "1": {
            "precision": 0.5270833333333333,
            "recall": 0.6202651515151515,
            "f1": 0.5491071428571428
        },
        "2": {
            "precision": 0.8823529411764706,
            "recall": 0.7352520527661865,
            "f1": 0.7990896358543418
        },
        "3": {
            "precision": 0.9392857142857143,
            "recall": 0.8830357142857144,
            "f1": 0.9066833751044276
        }
    }
}