{
    "accuracy": 0.7232013081395349,
    "precision": 0.7501812970823407,
    "recall": 0.7232013081395349,
    "f1": 0.7203453623435173,
    "class_metrics": {
        "0": {
            "precision": 0.7478632478632479,
            "recall": 0.5376627371596412,
            "f1": 0.6195882402778954
        },
        "1": {
            "precision": 0.5551691729323308,
            "recall": 0.7130681818181819,
            "f1": 0.6109994764720375
        },
        "2": {
            "precision": 0.8092153460574514,
            "recall": 0.7739853950733611,
            "f1": 0.7854583408122429
        },
        "3": {
            "precision": 0.7409600203717851,
            "recall": 0.9821428571428572,
            "f1": 0.843010752688172
        }
    }
}