{
    "accuracy": 0.7231104651162791,
    "precision": 0.7578035544704984,
    "recall": 0.7231104651162791,
    "f1": 0.7169777359328671,
    "class_metrics": {
        "0": {
            "precision": 0.6005531940251072,
            "recall": 0.8464614590775581,
            "f1": 0.6979724710105807
        },
        "1": {
            "precision": 0.5833333333333333,
            "recall": 0.35321969696969696,
            "f1": 0.43674136321195145
        },
        "2": {
            "precision": 0.9240679824561403,
            "recall": 0.692503617579755,
            "f1": 0.7844477647109226
        },
        "3": {
            "precision": 0.7995670995670997,
            "recall": 0.9231150793650793,
            "f1": 0.8541524265208476
        }
    }
}