{
    "accuracy": 0.7093931686046512,
    "precision": 0.7740370342662258,
    "recall": 0.7093931686046512,
    "f1": 0.709293223325528,
    "class_metrics": {
        "0": {
            "precision": 0.5756769374416434,
            "recall": 0.8980808922759387,
            "f1": 0.6935359888190077
        },
        "1": {
            "precision": 0.5910714285714286,
            "recall": 0.456439393939394,
            "f1": 0.4908549654679686
        },
        "2": {
            "precision": 0.9188596491228069,
            "recall": 0.6490253567101898,
            "f1": 0.7492829295460874
        },
        "3": {
            "precision": 0.9583333333333334,
            "recall": 0.7927579365079365,
            "f1": 0.8668569992099403
        }
    }
}