{
    "accuracy": 0.7184895833333333,
    "precision": 0.7504912551858753,
    "recall": 0.7184895833333333,
    "f1": 0.7251511912244908,
    "class_metrics": {
        "0": {
            "precision": 0.6241763986427838,
            "recall": 0.7734077040427155,
            "f1": 0.6862445350348576
        },
        "1": {
            "precision": 0.5441239316239316,
            "recall": 0.567032967032967,
            "f1": 0.54286217215279
        },
        "2": {
            "precision": 0.8416666666666667,
            "recall": 0.746031746031746,
            "f1": 0.79007104007104
        },
        "3": {
            "precision": 0.9058441558441558,
            "recall": 0.7119047619047619,
            "f1": 0.7949056014978936
        }
    }
}