{
    "accuracy": 0.7028645833333333,
    "precision": 0.7183819359868774,
    "recall": 0.7028645833333333,
    "f1": 0.7035866227221079,
    "class_metrics": {
        "0": {
            "precision": 0.6688009740069236,
            "recall": 0.7415449134199135,
            "f1": 0.6979166666666666
        },
        "1": {
            "precision": 0.45782342657342656,
            "recall": 0.4066468253968254,
            "f1": 0.42827380952380956
        },
        "2": {
            "precision": 0.8416221033868092,
            "recall": 0.7730072463768116,
            "f1": 0.7961394194946827
        },
        "3": {
            "precision": 0.7576754385964912,
            "recall": 0.8166040100250627,
            "f1": 0.7846692780903307
        }
    }
}