{
    "seed": 0,
    "dataset_type": "four_dawn",
    "alpha": 0.2,
    "beta": 0.2,
    "caption_rate": 0.09,
    "num_epoch": 50,
    "remarks": "no FSR",
    "results": {
        "accuracy": 0.7853658536585366,
        "f1": 0.7974128256430133,
        "class_names": [
            "accident",
            "dense traffic",
            "fire",
            "sparse traffic"
        ],
        "class_precision": [
            0.6229508196721312,
            0.8181818181818182,
            0.8615384615384616,
            0.8857142857142857
        ],
        "class_recall": [
            0.7307692307692307,
            0.7346938775510204,
            0.7777777777777778,
            0.96875
        ],
        "class_f1": [
            0.672566371681416,
            0.7741935483870968,
            0.8175182481751825,
            0.9253731343283582
        ]
    },
    "k": 2
}