{
    "seed": 0,
    "dataset_type": "four_dawn",
    "alpha": 0.2,
    "beta": 0.2,
    "caption_rate": 0.025,
    "num_epoch": 50,
    "remarks": "no FSR",
    "results": {
        "accuracy": 0.5911330049261084,
        "f1": 0.5516537244751222,
        "class_names": [
            "accident",
            "dense traffic",
            "fire",
            "sparse traffic"
        ],
        "class_precision": [
            0.7931034482758621,
            0.7142857142857143,
            0.5949367088607594,
            0.49382716049382713
        ],
        "class_recall": [
            0.3484848484848485,
            0.25,
            0.8392857142857143,
            0.975609756097561
        ],
        "class_f1": [
            0.4842105263157895,
            0.37037037037037035,
            0.6962962962962963,
            0.6557377049180327
        ]
    },
    "k": 3
}