{
    "seed": 0,
    "dataset_type": "four_dawn",
    "alpha": 0.2,
    "beta": 0.2,
    "caption_rate": 0.1,
    "num_epoch": 50,
    "remarks": "no FSR",
    "results": {
        "accuracy": 0.8,
        "f1": 0.7876151597694128,
        "class_names": [
            "accident",
            "dense traffic",
            "fire",
            "sparse traffic"
        ],
        "class_precision": [
            0.647887323943662,
            0.7037037037037037,
            0.8909090909090909,
            0.9615384615384616
        ],
        "class_recall": [
            0.7666666666666667,
            0.5588235294117647,
            0.8032786885245902,
            1.0
        ],
        "class_f1": [
            0.7022900763358778,
            0.6229508196721312,
            0.8448275862068966,
            0.9803921568627451
        ]
    },
    "k": 3
}