{
    "seed": 0,
    "dataset_type": "four_dawn",
    "alpha": 0.2,
    "beta": 0.2,
    "caption_rate": 0.1,
    "num_epoch": 50,
    "remarks": "no FSR",
    "results": {
        "accuracy": 0.8019323671497585,
        "f1": 0.8015749791619308,
        "class_names": [
            "accident",
            "dense traffic",
            "fire",
            "sparse traffic"
        ],
        "class_precision": [
            0.6813186813186813,
            0.75,
            0.9761904761904762,
            0.9285714285714286
        ],
        "class_recall": [
            0.9117647058823529,
            0.6,
            0.7068965517241379,
            0.9512195121951219
        ],
        "class_f1": [
            0.779874213836478,
            0.6666666666666666,
            0.82,
            0.9397590361445783
        ]
    },
    "k": 5
}