{
    "seed": 0,
    "dataset_type": "four_dawn",
    "alpha": 0.2,
    "beta": 0.2,
    "caption_rate": 0.08,
    "num_epoch": 50,
    "remarks": "no FSR",
    "results": {
        "accuracy": 0.8439024390243902,
        "f1": 0.8319367545680607,
        "class_names": [
            "accident",
            "dense traffic",
            "fire",
            "sparse traffic"
        ],
        "class_precision": [
            0.85,
            0.6739130434782609,
            0.8974358974358975,
            0.926829268292683
        ],
        "class_recall": [
            0.6071428571428571,
            0.8857142857142857,
            0.958904109589041,
            0.926829268292683
        ],
        "class_f1": [
            0.7083333333333334,
            0.7654320987654321,
            0.9271523178807947,
            0.926829268292683
        ]
    },
    "k": 4
}