{
    "seed": 0,
    "dataset_type": "four_dawn",
    "alpha": 0.2,
    "beta": 0.2,
    "caption_rate": 0.09,
    "num_epoch": 50,
    "remarks": "no FSR",
    "results": {
        "accuracy": 0.8101425709909273,
        "f1": 0.8085909949887442,
        "class_names": [
            "Fog",
            "Rain",
            "Sand",
            "Snow"
        ],
        "class_precision": [
            5.851593396201331,
            5.643482635156831,
            8.717464407670988,
            7.454683075495893
        ],
        "class_recall": [
            7.403146143072614,
            4.711336534613848,
            6.981954842130536,
            8.126689024390249
        ],
        "class_f1": [
            6.406925040971179,
            4.854646811348045,
            7.693010097870761,
            7.5832310783946
        ]
    },
    "k": "average"
}