{
    "seed": 0,
    "dataset_type": "four_dawn",
    "alpha": 0.2,
    "beta": 0.2,
    "caption_rate": 0.09,
    "num_epoch": 50,
    "remarks": "no FSR",
    "results": {
        "accuracy": 0.8195121951219512,
        "f1": 0.8244152558013036,
        "class_names": [
            "accident",
            "dense traffic",
            "fire",
            "sparse traffic"
        ],
        "class_precision": [
            0.7833333333333333,
            0.8,
            0.8125,
            0.9024390243902439
        ],
        "class_recall": [
            0.734375,
            0.7619047619047619,
            0.8813559322033898,
            0.925
        ],
        "class_f1": [
            0.7580645161290323,
            0.7804878048780488,
            0.8455284552845529,
            0.9135802469135802
        ]
    },
    "k": 1
}