{
    "seed": 0,
    "dataset_type": "four_dawn",
    "alpha": 0.2,
    "beta": 0.2,
    "caption_rate": 0.025,
    "num_epoch": 50,
    "remarks": "no FSR",
    "results": {
        "accuracy": 0.5467980295566502,
        "f1": 0.45258010664205495,
        "class_names": [
            "accident",
            "dense traffic",
            "fire",
            "sparse traffic"
        ],
        "class_precision": [
            0.7,
            0.8571428571428571,
            0.5096153846153846,
            0.5487804878048781
        ],
        "class_recall": [
            0.125,
            0.15384615384615385,
            0.8983050847457628,
            0.9183673469387755
        ],
        "class_f1": [
            0.21212121212121213,
            0.2608695652173913,
            0.6503067484662577,
            0.6870229007633588
        ]
    },
    "k": 1
}