{
    "seed": 0,
    "dataset_type": "four_dawn",
    "alpha": 0.2,
    "beta": 0.2,
    "caption_rate": 0.025,
    "num_epoch": 50,
    "remarks": "no FSR",
    "results": {
        "accuracy": 0.6354679802955665,
        "f1": 0.5989234449760765,
        "class_names": [
            "accident",
            "dense traffic",
            "fire",
            "sparse traffic"
        ],
        "class_precision": [
            0.5833333333333334,
            0.6666666666666666,
            0.72,
            0.5633802816901409
        ],
        "class_recall": [
            0.40384615384615385,
            0.358974358974359,
            0.782608695652174,
            0.9302325581395349
        ],
        "class_f1": [
            0.4772727272727273,
            0.4666666666666667,
            0.75,
            0.7017543859649122
        ]
    },
    "k": 4
}