{
    "seed": 0,
    "dataset_type": "four_dawn",
    "alpha": 0.2,
    "beta": 0.2,
    "caption_rate": 0.025,
    "num_epoch": 50,
    "remarks": "no FSR",
    "results": {
        "accuracy": 0.6176096417810513,
        "f1": 0.5567610873626617,
        "class_names": [
            "Fog",
            "Rain",
            "Sand",
            "Snow"
        ],
        "class_precision": [
            3.9587178104234213,
            4.155935741067586,
            4.650861769893501,
            4.722225860914316
        ],
        "class_recall": [
            2.990528535391549,
            1.0433564333564338,
            7.407824025207868,
            6.488344748620084
        ],
        "class_f1": [
            2.7014612812216083,
            1.3346903578074691,
            5.485467586272264,
            5.07179696403011
        ]
    },
    "k": "average"
}