{
    "seed": 0,
    "dataset_type": "four_dawn",
    "alpha": 0.2,
    "beta": 0.2,
    "caption_rate": 0.025,
    "num_epoch": 50,
    "remarks": "no FSR",
    "results": {
        "accuracy": 0.6059113300492611,
        "f1": 0.541451843895453,
        "class_names": [
            "accident",
            "dense traffic",
            "fire",
            "sparse traffic"
        ],
        "class_precision": [
            0.6567164179104478,
            0.75,
            0.5555555555555556,
            0.6078431372549019
        ],
        "class_recall": [
            0.6027397260273972,
            0.06666666666666667,
            0.8653846153846154,
            0.9393939393939394
        ],
        "class_f1": [
            0.6285714285714286,
            0.12244897959183673,
            0.6766917293233082,
            0.7380952380952381
        ]
    },
    "k": 2
}