{
    "seed": 0,
    "dataset_type": "four_dawn",
    "alpha": 0.2,
    "beta": 0.2,
    "caption_rate": 0.025,
    "num_epoch": 50,
    "remarks": "no FSR",
    "results": {
        "accuracy": 0.7087378640776699,
        "f1": 0.6391963168246022,
        "class_names": [
            "accident",
            "dense traffic",
            "fire",
            "sparse traffic"
        ],
        "class_precision": [
            0.5056179775280899,
            1.0,
            0.9230769230769231,
            0.7659574468085106
        ],
        "class_recall": [
            0.8653846153846154,
            0.13513513513513514,
            0.759493670886076,
            0.9473684210526315
        ],
        "class_f1": [
            0.6382978723404256,
            0.23809523809523808,
            0.8333333333333334,
            0.8470588235294118
        ]
    },
    "k": 5
}