{
    "seed": 7,
    "dataset_type": "lm",
    "alpha": 0.2,
    "beta": 0.2,
    "caption_rate": 0.025,
    "num_epoch": 60,
    "remarks": "text enhancement",
    "results": {
        "accuracy": 0.7064017660044151,
        "f1": 0.7060350421804023,
        "one_name": "low",
        "one_precision": 0.6785714285714286,
        "one_recall": 0.7136150234741784,
        "one_f1": 0.6956521739130435,
        "zero_name": "medium",
        "zero_precision": 0.7336244541484717,
        "zero_recall": 0.7,
        "zero_f1": 0.7164179104477612
    },
    "k": 5
}