{
    "seed": 5,
    "dataset_type": "four_dawn",
    "alpha": 0.2,
    "beta": 0.2,
    "caption_rate": 0.1,
    "num_epoch": 50,
    "remarks": "no FSR",
    "results": {
        "accuracy": 0.824390243902439,
        "f1": 0.8304433128437858,
        "class_names": [
            "accident",
            "dense traffic",
            "fire",
            "sparse traffic"
        ],
        "class_precision": [
            0.7142857142857143,
            0.7755102040816326,
            0.9387755102040817,
            0.9090909090909091
        ],
        "class_recall": [
            0.8181818181818182,
            0.8260869565217391,
            0.7419354838709677,
            0.9523809523809523
        ],
        "class_f1": [
            0.7627118644067796,
            0.8,
            0.8288288288288288,
            0.9302325581395349
        ]
    },
    "k": 1
}