{
    "seed": 5,
    "dataset_type": "four_dawn",
    "alpha": 0.2,
    "beta": 0.2,
    "caption_rate": 0.1,
    "num_epoch": 50,
    "remarks": "no FSR",
    "results": {
        "accuracy": 0.775609756097561,
        "f1": 0.772771882615681,
        "class_names": [
            "accident",
            "dense traffic",
            "fire",
            "sparse traffic"
        ],
        "class_precision": [
            0.7777777777777778,
            0.6666666666666666,
            0.7636363636363637,
            0.8596491228070176
        ],
        "class_recall": [
            0.6176470588235294,
            0.7428571428571429,
            0.8235294117647058,
            0.9607843137254902
        ],
        "class_f1": [
            0.6885245901639344,
            0.7027027027027027,
            0.7924528301886793,
            0.9074074074074074
        ]
    },
    "k": 2
}