{
    "seed": 3407,
    "dataset_type": "four_dawn",
    "alpha": 0.2,
    "beta": 0.2,
    "caption_rate": 0.025,
    "num_epoch": 80,
    "remarks": "no FSR",
    "results": {
        "accuracy": 0.7783251231527094,
        "f1": 0.7538988942107038,
        "class_names": [
            "accident",
            "dense traffic",
            "fire",
            "sparse traffic"
        ],
        "class_precision": [
            0.6704545454545454,
            0.8333333333333334,
            0.8529411764705882,
            0.896551724137931
        ],
        "class_recall": [
            0.921875,
            0.42857142857142855,
            0.8169014084507042,
            0.7878787878787878
        ],
        "class_f1": [
            0.7763157894736842,
            0.5660377358490566,
            0.8345323741007195,
            0.8387096774193549
        ]
    },
    "k": 2
}