{
    "seed": 3407,
    "dataset_type": "four_dawn",
    "alpha": 0.2,
    "beta": 0.2,
    "caption_rate": 0.025,
    "num_epoch": 80,
    "remarks": "no FSR",
    "results": {
        "accuracy": 0.645320197044335,
        "f1": 0.5910921139928773,
        "class_names": [
            "accident",
            "dense traffic",
            "fire",
            "sparse traffic"
        ],
        "class_precision": [
            0.4634146341463415,
            0.7142857142857143,
            0.76,
            0.7948717948717948
        ],
        "class_recall": [
            0.7755102040816326,
            0.10416666666666667,
            0.8382352941176471,
            0.8157894736842105
        ],
        "class_f1": [
            0.5801526717557252,
            0.18181818181818182,
            0.7972027972027972,
            0.8051948051948052
        ]
    },
    "k": 1
}