{
    "seed": 3407,
    "dataset_type": "four_dawn",
    "alpha": 0.2,
    "beta": 0.2,
    "caption_rate": 0.025,
    "num_epoch": 80,
    "remarks": "no FSR",
    "results": {
        "accuracy": 0.6650485436893204,
        "f1": 0.6596498675787819,
        "class_names": [
            "accident",
            "dense traffic",
            "fire",
            "sparse traffic"
        ],
        "class_precision": [
            0.75,
            0.6333333333333333,
            0.5824175824175825,
            0.7804878048780488
        ],
        "class_recall": [
            0.4852941176470588,
            0.4523809523809524,
            0.9137931034482759,
            0.8421052631578947
        ],
        "class_f1": [
            0.5892857142857143,
            0.5277777777777778,
            0.7114093959731543,
            0.810126582278481
        ]
    },
    "k": 5
}