{
    "seed": 3407,
    "dataset_type": "four_dawn",
    "alpha": 0.2,
    "beta": 0.2,
    "caption_rate": 0.025,
    "num_epoch": 60,
    "remarks": "no FSR",
    "results": {
        "accuracy": 0.6748768472906403,
        "f1": 0.6608296167962661,
        "class_names": [
            "accident",
            "dense traffic",
            "fire",
            "sparse traffic"
        ],
        "class_precision": [
            0.6129032258064516,
            0.6,
            0.8478260869565217,
            0.6461538461538462
        ],
        "class_recall": [
            0.7307692307692307,
            0.3829787234042553,
            0.7090909090909091,
            0.8571428571428571
        ],
        "class_f1": [
            0.6666666666666666,
            0.4675324675324675,
            0.7722772277227723,
            0.7368421052631579
        ]
    },
    "k": 4
}