{
    "seed": 3407,
    "dataset_type": "four_dawn",
    "alpha": 0.2,
    "beta": 0.2,
    "caption_rate": 0.025,
    "num_epoch": 60,
    "remarks": "no FSR",
    "results": {
        "accuracy": 0.6945812807881774,
        "f1": 0.6916064177544362,
        "class_names": [
            "accident",
            "dense traffic",
            "fire",
            "sparse traffic"
        ],
        "class_precision": [
            0.5280898876404494,
            0.9444444444444444,
            0.8269230769230769,
            0.7727272727272727
        ],
        "class_recall": [
            0.7966101694915254,
            0.425,
            0.6935483870967742,
            0.8095238095238095
        ],
        "class_f1": [
            0.6351351351351351,
            0.5862068965517241,
            0.7543859649122807,
            0.7906976744186046
        ]
    },
    "k": 1
}