{
    "seed": 3407,
    "dataset_type": "four_dawn",
    "alpha": 0.2,
    "beta": 0.2,
    "caption_rate": 0.025,
    "num_epoch": 80,
    "remarks": "no FSR",
    "results": {
        "accuracy": 0.6995073891625616,
        "f1": 0.6900633378609815,
        "class_names": [
            "accident",
            "dense traffic",
            "fire",
            "sparse traffic"
        ],
        "class_precision": [
            0.5274725274725275,
            0.9375,
            0.8214285714285714,
            0.825
        ],
        "class_recall": [
            0.8135593220338984,
            0.375,
            0.7419354838709677,
            0.7857142857142857
        ],
        "class_f1": [
            0.64,
            0.5357142857142857,
            0.7796610169491526,
            0.8048780487804879
        ]
    },
    "k": 1
}