{
    "seed": 3407,
    "dataset_type": "four_dawn",
    "alpha": 0.2,
    "beta": 0.2,
    "caption_rate": 0.025,
    "num_epoch": 80,
    "remarks": "no FSR",
    "results": {
        "accuracy": 0.6717968338992779,
        "f1": 0.6245278322795398,
        "class_names": [
            "Fog",
            "Rain",
            "Sand",
            "Snow"
        ],
        "class_precision": [
            4.9032339896064805,
            5.24770171658407,
            5.391963891826597,
            5.946370401348222
        ],
        "class_recall": [
            5.473710864703813,
            1.4503676470588232,
            7.186794285220133,
            6.32205451268754
        ],
        "class_f1": [
            4.508765644915679,
            2.0002340069698032,
            5.8645295740673555,
            5.939879144756589
        ]
    },
    "k": "average"
}