{
    "seed": 3407,
    "dataset_type": "four_dawn",
    "alpha": 0.2,
    "beta": 0.2,
    "caption_rate": 0.025,
    "num_epoch": 50,
    "remarks": "no FSR",
    "results": {
        "accuracy": 0.5242718446601942,
        "f1": 0.47937813893981496,
        "class_names": [
            "accident",
            "dense traffic",
            "fire",
            "sparse traffic"
        ],
        "class_precision": [
            0.5714285714285714,
            0.5,
            0.41964285714285715,
            0.7096774193548387
        ],
        "class_recall": [
            0.1095890410958904,
            0.28125,
            0.8703703703703703,
            0.9361702127659575
        ],
        "class_f1": [
            0.1839080459770115,
            0.36,
            0.5662650602409639,
            0.8073394495412844
        ]
    },
    "k": 5
}