{
    "seed": 3407,
    "dataset_type": "four_dawn",
    "alpha": 0.2,
    "beta": 0.2,
    "caption_rate": 0.025,
    "num_epoch": 50,
    "remarks": "no FSR",
    "results": {
        "accuracy": 0.7339901477832512,
        "f1": 0.7045961632453568,
        "class_names": [
            "accident",
            "dense traffic",
            "fire",
            "sparse traffic"
        ],
        "class_precision": [
            0.6888888888888889,
            0.7142857142857143,
            0.6853932584269663,
            0.875
        ],
        "class_recall": [
            0.6078431372549019,
            0.4411764705882353,
            0.9242424242424242,
            0.8076923076923077
        ],
        "class_f1": [
            0.6458333333333334,
            0.5454545454545454,
            0.7870967741935484,
            0.84
        ]
    },
    "k": 3
}