{
    "seed": 3407,
    "dataset_type": "four_dawn",
    "alpha": 0.2,
    "beta": 0.2,
    "caption_rate": 0.025,
    "num_epoch": 80,
    "remarks": "no FSR",
    "results": {
        "accuracy": 0.6748816299201301,
        "f1": 0.645374701551231,
        "class_names": [
            "Fog",
            "Rain",
            "Sand",
            "Snow"
        ],
        "class_precision": [
            4.611624141538664,
            5.304671373741899,
            5.902878578974942,
            5.434488515352557
        ],
        "class_recall": [
            4.677911998270922,
            1.9138883368404649,
            7.652878246350371,
            6.123206665311928
        ],
        "class_f1": [
            4.062244746519381,
            1.968031335891056,
            6.4800161145423045,
            4.994243211452235
        ]
    },
    "k": "average"
}