{
    "seed": 3407,
    "dataset_type": "four_dawn",
    "alpha": 0.2,
    "beta": 0.2,
    "caption_rate": 0.025,
    "num_epoch": 50,
    "remarks": "no FSR",
    "results": {
        "accuracy": 0.664460280262088,
        "f1": 0.6290736862146715,
        "class_names": [
            "Fog",
            "Rain",
            "Sand",
            "Snow"
        ],
        "class_precision": [
            3.807835965496614,
            4.253459318459318,
            4.546144355556195,
            4.680991828840171
        ],
        "class_recall": [
            4.872530392514936,
            1.255847338935574,
            6.067423754250598,
            4.477668917824376
        ],
        "class_f1": [
            3.674774422947794,
            1.7670011109763102,
            4.913445738663338,
            4.373885035213631
        ]
    },
    "k": "average"
}