{
    "seed": 3407,
    "dataset_type": "four_dawn",
    "alpha": 0.2,
    "beta": 0.2,
    "caption_rate": 0.025,
    "num_epoch": 80,
    "remarks": "no FSR",
    "results": {
        "accuracy": 0.7044334975369458,
        "f1": 0.6891123913680304,
        "class_names": [
            "accident",
            "dense traffic",
            "fire",
            "sparse traffic"
        ],
        "class_precision": [
            0.7,
            0.7777777777777778,
            0.75,
            0.6166666666666667
        ],
        "class_recall": [
            0.509090909090909,
            0.5384615384615384,
            0.8028169014084507,
            0.9736842105263158
        ],
        "class_f1": [
            0.5894736842105263,
            0.6363636363636364,
            0.7755102040816326,
            0.7551020408163265
        ]
    },
    "k": 3
}