{
    "seed": 3407,
    "dataset_type": "four_dawn",
    "alpha": 0.2,
    "beta": 0.2,
    "caption_rate": 0.025,
    "num_epoch": 80,
    "remarks": "no FSR",
    "results": {
        "accuracy": 0.7087378640776699,
        "f1": 0.6840316205533596,
        "class_names": [
            "accident",
            "dense traffic",
            "fire",
            "sparse traffic"
        ],
        "class_precision": [
            0.6477272727272727,
            0.6666666666666666,
            0.6785714285714286,
            0.8863636363636364
        ],
        "class_recall": [
            0.7808219178082192,
            0.375,
            0.7037037037037037,
            0.8297872340425532
        ],
        "class_f1": [
            0.7080745341614907,
            0.48,
            0.6909090909090909,
            0.8571428571428571
        ]
    },
    "k": 5
}