{
    "seed": 3407,
    "dataset_type": "four_dawn",
    "alpha": 0.2,
    "beta": 0.2,
    "caption_rate": 0.025,
    "num_epoch": 60,
    "remarks": "no FSR",
    "results": {
        "accuracy": 0.6562772012052226,
        "f1": 0.6213846487866072,
        "class_names": [
            "Fog",
            "Rain",
            "Sand",
            "Snow"
        ],
        "class_precision": [
            5.418619295739786,
            5.687551131046864,
            5.991836842151621,
            5.544851244427915
        ],
        "class_recall": [
            4.912131437854269,
            2.3550747213779117,
            8.044868668883105,
            6.617589340145732
        ],
        "class_f1": [
            4.353925969806007,
            2.218336221735231,
            6.509637170136822,
            5.493668244782723
        ]
    },
    "k": "average"
}