{
    "seed": 3407,
    "dataset_type": "four_dawn",
    "alpha": 0.2,
    "beta": 0.2,
    "caption_rate": 0.025,
    "num_epoch": 80,
    "remarks": "no FSR",
    "results": {
        "accuracy": 0.6945812807881774,
        "f1": 0.6523821548821549,
        "class_names": [
            "accident",
            "dense traffic",
            "fire",
            "sparse traffic"
        ],
        "class_precision": [
            0.7209302325581395,
            0.6111111111111112,
            0.7032967032967034,
            0.6862745098039216
        ],
        "class_recall": [
            0.47692307692307695,
            0.34375,
            0.927536231884058,
            0.9459459459459459
        ],
        "class_f1": [
            0.5740740740740741,
            0.44,
            0.8,
            0.7954545454545454
        ]
    },
    "k": 2
}