{
    "seed": 3407,
    "dataset_type": "four_dawn",
    "alpha": 0.2,
    "beta": 0.2,
    "caption_rate": 0.025,
    "num_epoch": 60,
    "remarks": "no FSR",
    "results": {
        "accuracy": 0.6551724137931034,
        "f1": 0.6064636307573128,
        "class_names": [
            "accident",
            "dense traffic",
            "fire",
            "sparse traffic"
        ],
        "class_precision": [
            0.673469387755102,
            0.5333333333333333,
            0.6391752577319587,
            0.7142857142857143
        ],
        "class_recall": [
            0.5076923076923077,
            0.25,
            0.8985507246376812,
            0.8108108108108109
        ],
        "class_f1": [
            0.5789473684210527,
            0.3404255319148936,
            0.7469879518072289,
            0.759493670886076
        ]
    },
    "k": 2
}