{
    "seed": 3407,
    "dataset_type": "four_dawn",
    "alpha": 0.2,
    "beta": 0.2,
    "caption_rate": 0.025,
    "num_epoch": 50,
    "remarks": "no FSR",
    "results": {
        "accuracy": 0.7241379310344828,
        "f1": 0.6654513507353959,
        "class_names": [
            "accident",
            "dense traffic",
            "fire",
            "sparse traffic"
        ],
        "class_precision": [
            0.6805555555555556,
            0.8888888888888888,
            0.7560975609756098,
            0.7
        ],
        "class_recall": [
            0.765625,
            0.22857142857142856,
            0.8732394366197183,
            0.8484848484848485
        ],
        "class_f1": [
            0.7205882352941176,
            0.36363636363636365,
            0.8104575163398693,
            0.7671232876712328
        ]
    },
    "k": 2
}