{
    "seed": 3407,
    "dataset_type": "four_dawn",
    "alpha": 0.2,
    "beta": 0.2,
    "caption_rate": 0.025,
    "num_epoch": 80,
    "remarks": "no FSR",
    "results": {
        "accuracy": 0.6798029556650246,
        "f1": 0.5804641219783353,
        "class_names": [
            "accident",
            "dense traffic",
            "fire",
            "sparse traffic"
        ],
        "class_precision": [
            0.6818181818181818,
            1.0,
            0.6896551724137931,
            0.6521739130434783
        ],
        "class_recall": [
            0.5882352941176471,
            0.08823529411764706,
            0.9090909090909091,
            0.8653846153846154
        ],
        "class_f1": [
            0.631578947368421,
            0.16216216216216217,
            0.7843137254901961,
            0.743801652892562
        ]
    },
    "k": 3
}