{
    "seed": 3407,
    "dataset_type": "four_dawn",
    "alpha": 0.2,
    "beta": 0.2,
    "caption_rate": 0.025,
    "num_epoch": 60,
    "remarks": "no FSR",
    "results": {
        "accuracy": 0.6262135922330098,
        "f1": 0.5496398718075792,
        "class_names": [
            "accident",
            "dense traffic",
            "fire",
            "sparse traffic"
        ],
        "class_precision": [
            0.6417910447761194,
            1.0,
            0.7833333333333333,
            0.47368421052631576
        ],
        "class_recall": [
            0.6323529411764706,
            0.07142857142857142,
            0.8103448275862069,
            0.9473684210526315
        ],
        "class_f1": [
            0.6370370370370371,
            0.13333333333333333,
            0.7966101694915254,
            0.631578947368421
        ]
    },
    "k": 5
}