{
    "seed": 3407,
    "dataset_type": "four_dawn",
    "alpha": 0.2,
    "beta": 0.2,
    "caption_rate": 0.025,
    "num_epoch": 50,
    "remarks": "no FSR",
    "results": {
        "accuracy": 0.7142857142857143,
        "f1": 0.7126200168226234,
        "class_names": [
            "accident",
            "dense traffic",
            "fire",
            "sparse traffic"
        ],
        "class_precision": [
            0.6097560975609756,
            0.7857142857142857,
            0.7666666666666667,
            0.8181818181818182
        ],
        "class_recall": [
            0.8064516129032258,
            0.43137254901960786,
            0.8214285714285714,
            0.7941176470588235
        ],
        "class_f1": [
            0.6944444444444444,
            0.5569620253164557,
            0.7931034482758621,
            0.8059701492537313
        ]
    },
    "k": 4
}