{
    "seed": 3407,
    "dataset_type": "four_dawn",
    "alpha": 0.2,
    "beta": 0.2,
    "caption_rate": 0.025,
    "num_epoch": 60,
    "remarks": "no FSR",
    "results": {
        "accuracy": 0.6305418719211823,
        "f1": 0.5983837068174418,
        "class_names": [
            "accident",
            "dense traffic",
            "fire",
            "sparse traffic"
        ],
        "class_precision": [
            0.5714285714285714,
            0.8125,
            0.5614035087719298,
            0.7777777777777778
        ],
        "class_recall": [
            0.2909090909090909,
            0.3333333333333333,
            0.9014084507042254,
            0.9210526315789473
        ],
        "class_f1": [
            0.3855421686746988,
            0.4727272727272727,
            0.6918918918918919,
            0.8433734939759037
        ]
    },
    "k": 3
}