{
    "seed": 3407,
    "dataset_type": "four_dawn",
    "alpha": 0.2,
    "beta": 0.2,
    "caption_rate": 0.025,
    "num_epoch": 50,
    "remarks": "no FSR",
    "results": {
        "accuracy": 0.625615763546798,
        "f1": 0.5833227613301668,
        "class_names": [
            "accident",
            "dense traffic",
            "fire",
            "sparse traffic"
        ],
        "class_precision": [
            0.5555555555555556,
            1.0,
            0.6588235294117647,
            0.5740740740740741
        ],
        "class_recall": [
            0.6122448979591837,
            0.20833333333333334,
            0.8235294117647058,
            0.8157894736842105
        ],
        "class_f1": [
            0.5825242718446602,
            0.3448275862068966,
            0.7320261437908496,
            0.6739130434782609
        ]
    },
    "k": 1
}