{
    "seed": 3407,
    "dataset_type": "four_dawn",
    "alpha": 0.2,
    "beta": 0.2,
    "caption_rate": 0.025,
    "num_epoch": 80,
    "remarks": "no FSR",
    "results": {
        "accuracy": 0.5467980295566502,
        "f1": 0.5131524106624233,
        "class_names": [
            "accident",
            "dense traffic",
            "fire",
            "sparse traffic"
        ],
        "class_precision": [
            0.6190476190476191,
            0.8666666666666667,
            0.47413793103448276,
            0.5882352941176471
        ],
        "class_recall": [
            0.20967741935483872,
            0.2549019607843137,
            0.9821428571428571,
            0.8823529411764706
        ],
        "class_f1": [
            0.3132530120481928,
            0.3939393939393939,
            0.6395348837209303,
            0.7058823529411765
        ]
    },
    "k": 4
}