{
    "accuracy": 0.7687114197530864,
    "precision": 0.7841489305840996,
    "recall": 0.7687114197530864,
    "f1": 0.7674048464010335,
    "class_metrics": {
        "0": {
            "precision": 0.8419247291661084,
            "recall": 0.6898208545267369,
            "f1": 0.7559366033817009
        },
        "1": {
            "precision": 0.7162251405285461,
            "recall": 0.8540549371810685,
            "f1": 0.7769271293514688
        }
    }
}