{
    "accuracy": 0.7638888888888888,
    "precision": 0.7684588538118164,
    "recall": 0.7638888888888888,
    "f1": 0.7634913167865021,
    "class_metrics": {
        "0": {
            "precision": 0.7430079874724753,
            "recall": 0.805249147428689,
            "f1": 0.7715984289900928
        },
        "1": {
            "precision": 0.7885883406716739,
            "recall": 0.723355512175879,
            "f1": 0.7531380471638651
        }
    }
}