{
    "accuracy": 0.7690972222222222,
    "precision": 0.7769272385713494,
    "recall": 0.7690972222222222,
    "f1": 0.7681367871039173,
    "class_metrics": {
        "0": {
            "precision": 0.7471071493001318,
            "recall": 0.817603295669934,
            "f1": 0.7778434163040967
        },
        "1": {
            "precision": 0.8004149070302822,
            "recall": 0.7229862146252091,
            "f1": 0.756478979429799
        }
    }
}