{
    "seed": 42,
    "dataset_type": "four_dawn",
    "alpha": 0.2,
    "beta": 0.2,
    "caption_rate": 0.09,
    "num_epoch": 50,
    "remarks": "no FSR",
    "results": {
        "accuracy": 0.7560975609756098,
        "f1": 0.7524816545333941,
        "class_names": [
            "accident",
            "dense traffic",
            "fire",
            "sparse traffic"
        ],
        "class_precision": [
            0.6144578313253012,
            0.782608695652174,
            0.8461538461538461,
            0.8936170212765957
        ],
        "class_recall": [
            0.85,
            0.5806451612903226,
            0.6666666666666666,
            0.875
        ],
        "class_f1": [
            0.7132867132867133,
            0.6666666666666666,
            0.7457627118644068,
            0.8842105263157894
        ]
    },
    "k": 3
}