{
    "seed": 42,
    "dataset_type": "four_dawn",
    "alpha": 0.2,
    "beta": 0.2,
    "caption_rate": 0.09,
    "num_epoch": 50,
    "remarks": "no FSR",
    "results": {
        "accuracy": 0.7707317073170732,
        "f1": 0.777341829224727,
        "class_names": [
            "accident",
            "dense traffic",
            "fire",
            "sparse traffic"
        ],
        "class_precision": [
            0.5964912280701754,
            0.7708333333333334,
            0.9038461538461539,
            0.8333333333333334
        ],
        "class_recall": [
            0.6415094339622641,
            0.8222222222222222,
            0.7121212121212122,
            0.975609756097561
        ],
        "class_f1": [
            0.6181818181818182,
            0.7956989247311828,
            0.7966101694915254,
            0.898876404494382
        ]
    },
    "k": 2
}