{
    "seed": 42,
    "dataset_type": "four_dawn",
    "alpha": 0.2,
    "beta": 0.2,
    "caption_rate": 0.09,
    "num_epoch": 50,
    "remarks": "no FSR",
    "results": {
        "accuracy": 0.8146341463414634,
        "f1": 0.8162546615893471,
        "class_names": [
            "accident",
            "dense traffic",
            "fire",
            "sparse traffic"
        ],
        "class_precision": [
            0.78125,
            0.6428571428571429,
            0.9245283018867925,
            0.8913043478260869
        ],
        "class_recall": [
            0.7575757575757576,
            0.84375,
            0.7424242424242424,
            1.0
        ],
        "class_f1": [
            0.7692307692307693,
            0.7297297297297297,
            0.8235294117647058,
            0.9425287356321839
        ]
    },
    "k": 1
}