{
    "seed": 1,
    "dataset_type": "lm",
    "alpha": 0.2,
    "beta": 0.2,
    "caption_rate": 0.025,
    "num_epoch": 60,
    "remarks": "text enhancement",
    "results": {
        "accuracy": 0.7275635390415911,
        "f1": 0.7264655642632624,
        "one_name": "low",
        "one_precision": 0.72398643108681,
        "one_recall": 0.7397484059310819,
        "one_f1": 0.729792395429989,
        "zero_name": "medium",
        "zero_precision": 0.7354934210791637,
        "zero_recall": 0.7150610699360677,
        "zero_f1": 0.7231387330965358
    },
    "k": "average"
}