{
    "seed": 1,
    "dataset_type": "lm",
    "alpha": 0.2,
    "beta": 0.2,
    "caption_rate": 0.025,
    "num_epoch": 60,
    "remarks": "text enhancement",
    "results": {
        "accuracy": 0.7743362831858407,
        "f1": 0.7742257742257743,
        "one_name": "low",
        "one_precision": 0.7407407407407407,
        "one_recall": 0.821917808219178,
        "one_f1": 0.7792207792207793,
        "zero_name": "medium",
        "zero_precision": 0.8133971291866029,
        "zero_recall": 0.7296137339055794,
        "zero_f1": 0.7692307692307693
    },
    "k": 2
}