{
    "seed": 1,
    "dataset_type": "lm",
    "alpha": 0.2,
    "beta": 0.2,
    "caption_rate": 0.025,
    "num_epoch": 50,
    "remarks": "text enhancement",
    "results": {
        "accuracy": 0.7411504424778761,
        "f1": 0.740997046766871,
        "one_name": "low",
        "one_precision": 0.7465437788018433,
        "one_recall": 0.7232142857142857,
        "one_f1": 0.7346938775510204,
        "zero_name": "medium",
        "zero_precision": 0.7361702127659574,
        "zero_recall": 0.7587719298245614,
        "zero_f1": 0.7473002159827213
    },
    "k": 4
}